XRD - Maiz-40 - 2med,
5.01,981
5.03,1029
5.05,1006
5.07,986
5.09,992
5.11,1014
5.13,1018
5.15,1000
5.17,1034
5.19,1013
5.21,996
5.23,988
5.25,935
5.27,1040
5.29,993
5.31,950
5.33,966
5.35,956
5.37,957
5.39,922
5.41,990
5.43,994
5.45,1003
5.47,930
5.49,965
5.51,975
5.53,932
5.55,929
5.57,937
5.59,960
5.61,914
5.63,949
5.65,958
5.67,947
5.69,945
5.71,934
5.73,906
5.75,964
5.77,939
5.79,921
5.81,908
5.83,930
5.85,933
5.87,877
5.89,927
5.91,892
5.93,897
5.95,844
5.97,970
5.99,911
6.01,856
6.03,945
6.05,858
6.07,880
6.09,888
6.11,929
6.13,865
6.15,841
6.17,847
6.19,876
6.21,866
6.23,930
6.25,845
6.27,856
6.29,843
6.31,856
6.33,796
6.35,804
6.37,825
6.39,863
6.41,829
6.43,780
6.45,810
6.47,826
6.49,872
6.51,854
6.53,897
6.55,865
6.57,814
6.59,863
6.61,834
6.63,835
6.65,809
6.67,836
6.69,840
6.71,828
6.73,779
6.75,810
6.77,810
6.79,819
6.81,764
6.83,846
6.85,746
6.87,836
6.89,799
6.91,797
6.93,763
6.95,795
6.97,782
6.99,773
7.01,772
7.03,828
7.05,793
7.07,777
7.09,791
7.11,790
7.13,743
7.15,778
7.17,801
7.19,791
7.21,789
7.23,840
7.25,779
7.27,799
7.29,805
7.31,772
7.33,766
7.35,789
7.37,815
7.39,861
7.41,817
7.43,790
7.45,781
7.47,790
7.49,788
7.51,760
7.53,792
7.55,774
7.57,762
7.59,787
7.61,761
7.63,855
7.65,781
7.67,771
7.69,803
7.71,794
7.73,804
7.75,754
7.77,780
7.79,785
7.81,739
7.83,796
7.85,784
7.87,774
7.89,752
7.91,793
7.93,797
7.95,789
7.97,750
7.99,790
8.01,768
8.03,784
8.05,754
8.07,766
8.09,758
8.11,772
8.13,742
8.15,758
8.17,781
8.19,814
8.21,729
8.23,777
8.25,761
8.27,782
8.29,805
8.31,775
8.33,802
8.35,788
8.37,765
8.39,740
8.41,809
8.43,784
8.45,751
8.47,803
8.49,767
8.51,753
8.53,751
8.55,804
8.57,750
8.59,796
8.61,765
8.63,771
8.65,772
8.67,803
8.69,751
8.71,790
8.73,750
8.75,791
8.77,761
8.79,778
8.81,773
8.83,829
8.85,752
8.87,736
8.89,780
8.91,751
8.93,817
8.95,783
8.97,785
8.99,758
9.01,792
9.03,793
9.05,775
9.07,764
9.09,809
9.11,757
9.13,777
9.15,831
9.17,793
9.19,817
9.21,796
9.23,795
9.25,781
9.27,816
9.29,780
9.31,811
9.33,753
9.35,785
9.37,833
9.39,816
9.41,753
9.43,823
9.45,800
9.47,773
9.49,758
9.51,777
9.53,760
9.55,815
9.57,785
9.59,771
9.61,798
9.63,793
9.65,789
9.67,784
9.69,778
9.71,792
9.73,821
9.75,833
9.77,842
9.79,816
9.81,822
9.83,820
9.85,819
9.87,853
9.89,798
9.91,835
9.93,791
9.95,704
9.97,795
9.99,869
10.01,785
10.03,811
10.05,841
10.07,832
10.09,888
10.11,870
10.13,871
10.15,908
10.17,838
10.19,865
10.21,838
10.23,835
10.25,850
10.27,831
10.29,862
10.31,800
10.33,826
10.35,873
10.37,805
10.39,793
10.41,795
10.43,829
10.45,825
10.47,854
10.49,835
10.51,843
10.53,832
10.55,890
10.57,859
10.59,811
10.61,819
10.63,872
10.65,860
10.67,873
10.69,911
10.71,851
10.73,804
10.75,863
10.77,890
10.79,853
10.81,857
10.83,869
10.85,901
10.87,835
10.89,894
10.91,876
10.93,878
10.95,941
10.97,818
10.99,893
11.01,956
11.03,887
11.05,934
11.07,906
11.09,863
11.11,910
11.13,909
11.15,931
11.17,906
11.19,919
11.21,955
11.23,906
11.25,996
11.27,941
11.29,936
11.31,904
11.33,978
11.35,963
11.37,958
11.39,922
11.41,964
11.43,984
11.45,933
11.47,979
11.49,943
11.51,920
11.53,972
11.55,915
11.57,959
11.59,936
11.61,965
11.63,923
11.65,900
11.67,903
11.69,980
11.71,932
11.73,926
11.75,942
11.77,899
11.79,993
11.81,947
11.83,948
11.85,937
11.87,907
11.89,942
11.91,930
11.93,968
11.95,960
11.97,925
11.99,936
12.01,956
12.03,942
12.05,985
12.07,977
12.09,963
12.11,950
12.13,962
12.15,918
12.17,1055
12.19,913
12.21,923
12.23,1014
12.25,920
12.27,1016
12.29,971
12.31,972
12.33,1006
12.35,955
12.37,1020
12.39,993
12.41,1025
12.43,1020
12.45,1034
12.47,999
12.49,1050
12.51,1058
12.53,1040
12.55,1032
12.57,989
12.59,1070
12.61,1011
12.63,1075
12.65,1053
12.67,994
12.69,952
12.71,1005
12.73,998
12.75,1011
12.77,1108
12.79,1036
12.81,1108
12.83,1016
12.85,1017
12.87,976
12.89,1048
12.91,991
12.93,994
12.95,1079
12.97,1037
12.99,1040
13.01,1027
13.03,985
13.05,1085
13.07,1063
13.09,987
13.11,1028
13.13,1062
13.15,1063
13.17,1037
13.19,1043
13.21,1057
13.23,1085
13.25,1129
13.27,1109
13.29,1043
13.31,1094
13.33,1037
13.35,999
13.37,1039
13.39,1089
13.41,1061
13.43,1139
13.45,1071
13.47,1098
13.49,1044
13.51,1047
13.53,1108
13.55,1124
13.57,1147
13.59,1119
13.61,1226
13.63,1090
13.65,1063
13.67,1126
13.69,1075
13.71,1101
13.73,1081
13.75,1127
13.77,1099
13.79,1149
13.81,1131
13.83,1186
13.85,1129
13.87,1145
13.89,1177
13.91,1199
13.93,1127
13.95,1169
13.97,1166
13.99,1170
14.01,1193
14.03,1177
14.05,1149
14.07,1241
14.09,1223
14.11,1191
14.13,1213
14.15,1266
14.17,1171
14.19,1273
14.21,1228
14.23,1258
14.25,1288
14.27,1334
14.29,1245
14.31,1360
14.33,1298
14.35,1338
14.37,1327
14.39,1294
14.41,1340
14.43,1380
14.45,1383
14.47,1329
14.49,1382
14.51,1399
14.53,1466
14.55,1489
14.57,1530
14.59,1500
14.61,1542
14.63,1504
14.65,1513
14.67,1520
14.69,1578
14.71,1614
14.73,1683
14.75,1603
14.77,1669
14.79,1607
14.81,1694
14.83,1686
14.85,1715
14.87,1794
14.89,1818
14.91,1728
14.93,1858
14.95,1874
14.97,1847
14.99,1866
15.01,1900
15.03,1938
15.05,1973
15.07,1928
15.09,2031
15.11,1925
15.13,1884
15.15,2020
15.17,2040
15.19,2010
15.21,1918
15.23,1969
15.25,2088
15.27,1966
15.29,1957
15.31,1930
15.33,2019
15.35,1931
15.37,1893
15.39,2009
15.41,1926
15.43,1891
15.45,1932
15.47,1882
15.49,1867
15.51,1836
15.53,1815
15.55,1810
15.57,1832
15.59,1800
15.61,1807
15.63,1692
15.65,1710
15.67,1788
15.69,1674
15.71,1677
15.73,1690
15.75,1765
15.77,1642
15.79,1641
15.81,1652
15.83,1620
15.85,1639
15.87,1609
15.89,1631
15.91,1633
15.93,1593
15.95,1597
15.97,1638
15.99,1558
16.01,1612
16.03,1606
16.05,1573
16.07,1673
16.09,1507
16.11,1697
16.13,1558
16.15,1587
16.17,1587
16.19,1676
16.21,1608
16.23,1581
16.25,1685
16.27,1678
16.29,1737
16.31,1665
16.33,1639
16.35,1756
16.37,1761
16.39,1765
16.41,1795
16.43,1736
16.45,1819
16.47,1877
16.49,1870
16.51,1802
16.53,1890
16.55,2010
16.57,1990
16.59,1941
16.61,2003
16.63,2047
16.65,2170
16.67,2063
16.69,2069
16.71,2105
16.73,2117
16.75,2219
16.77,2289
16.79,2252
16.81,2245
16.83,2262
16.85,2180
16.87,2304
16.89,2265
16.91,2318
16.93,2254
16.95,2422
16.97,2401
16.99,2412
17.01,2450
17.03,2603
17.05,2454
17.07,2577
17.09,2583
17.11,2450
17.13,2590
17.15,2539
17.17,2573
17.19,2684
17.21,2666
17.23,2603
17.25,2641
17.27,2771
17.29,2719
17.31,2552
17.33,2590
17.35,2633
17.37,2691
17.39,2591
17.41,2564
17.43,2683
17.45,2645
17.47,2636
17.49,2568
17.51,2661
17.53,2543
17.55,2622
17.57,2602
17.59,2593
17.61,2641
17.63,2639
17.65,2570
17.67,2668
17.69,2605
17.71,2553
17.73,2628
17.75,2658
17.77,2575
17.79,2611
17.81,2673
17.83,2589
17.85,2655
17.87,2688
17.89,2694
17.91,2701
17.93,2801
17.95,2669
17.97,2776
17.99,2685
18.01,2713
18.03,2817
18.05,2687
18.07,2788
18.09,2766
18.11,2755
18.13,2861
18.15,2900
18.17,2794
18.19,2706
18.21,2743
18.23,2815
18.25,2746
18.27,2731
18.29,2808
18.31,2725
18.33,2741
18.35,2657
18.37,2730
18.39,2599
18.41,2692
18.43,2609
18.45,2570
18.47,2597
18.49,2551
18.51,2563
18.53,2436
18.55,2469
18.57,2551
18.59,2383
18.61,2319
18.63,2394
18.65,2454
18.67,2345
18.69,2428
18.71,2275
18.73,2294
18.75,2356
18.77,2317
18.79,2298
18.81,2276
18.83,2280
18.85,2176
18.87,2231
18.89,2154
18.91,2078
18.93,2088
18.95,2134
18.97,2154
18.99,2110
19.01,2110
19.03,2112
19.05,2178
19.07,2205
19.09,2049
19.11,2048
19.13,2067
19.15,1996
19.17,2091
19.19,2115
19.21,2139
19.23,2099
19.25,1993
19.27,2090
19.29,2041
19.31,2064
19.33,2092
19.35,2087
19.37,2077
19.39,2068
19.41,2045
19.43,2050
19.45,2099
19.47,2068
19.49,2077
19.51,2077
19.53,2053
19.55,2057
19.57,2072
19.59,2104
19.61,2105
19.63,2073
19.65,2092
19.67,2095
19.69,2088
19.71,2148
19.73,2124
19.75,2168
19.77,2141
19.79,2167
19.81,2064
19.83,2147
19.85,2142
19.87,2166
19.89,2180
19.91,2064
19.93,2172
19.95,2255
19.97,2181
19.99,2216
20.01,2232
20.03,2255
20.05,2247
20.07,2219
20.09,2153
20.11,2271
20.13,2308
20.15,2274
20.17,2254
20.19,2182
20.21,2095
20.23,2198
20.25,2202
20.27,2186
20.29,2228
20.31,2223
20.33,2204
20.35,2150
20.37,2145
20.39,2191
20.41,2176
20.43,2231
20.45,2205
20.47,2151
20.49,2179
20.51,2083
20.53,2194
20.55,2128
20.57,2054
20.59,2071
20.61,2172
20.63,2075
20.65,2167
20.67,2108
20.69,1976
20.71,2097
20.73,2118
20.75,1941
20.77,2006
20.79,2020
20.81,2018
20.83,1983
20.85,2029
20.87,2009
20.89,2057
20.91,2037
20.93,1941
20.95,2013
20.97,2026
20.99,1950
21.01,2141
21.03,2038
21.05,1985
21.07,1920
21.09,1994
21.11,2028
21.13,1952
21.15,1969
21.17,2095
21.19,2089
21.21,1913
21.23,2092
21.25,1991
21.27,2010
21.29,2053
21.31,2019
21.33,1990
21.35,1985
21.37,2040
21.39,1988
21.41,2066
21.43,2007
21.45,2067
21.47,1963
21.49,1980
21.51,2018
21.53,1990
21.55,2038
21.57,2101
21.59,2004
21.61,2028
21.63,2126
21.65,2033
21.67,2078
21.69,2079
21.71,2034
21.73,2047
21.75,2077
21.77,2070
21.79,2080
21.81,2020
21.83,1989
21.85,2164
21.87,2095
21.89,2141
21.91,2087
21.93,2141
21.95,2181
21.97,2166
21.99,2224
22.01,2161
22.03,2174
22.05,2180
22.07,2155
22.09,2187
22.11,2242
22.13,2240
22.15,2201
22.17,2221
22.19,2295
22.21,2370
22.23,2336
22.25,2231
22.27,2286
22.29,2336
22.31,2377
22.33,2393
22.35,2451
22.37,2447
22.39,2283
22.41,2442
22.43,2424
22.45,2453
22.47,2530
22.49,2572
22.51,2520
22.53,2583
22.55,2576
22.57,2662
22.59,2548
22.61,2697
22.63,2726
22.65,2719
22.67,2735
22.69,2772
22.71,2783
22.73,2898
22.75,2897
22.77,2817
22.79,2951
22.81,2919
22.83,2917
22.85,2919
22.87,2922
22.89,2951
22.91,3053
22.93,2972
22.95,3141
22.97,3076
22.99,3165
23.01,3025
23.03,3045
23.05,3116
23.07,3156
23.09,3150
23.11,3225
23.13,3258
23.15,3118
23.17,3234
23.19,3138
23.21,3128
23.23,3201
23.25,3306
23.27,3156
23.29,3260
23.31,3300
23.33,3208
23.35,3253
23.37,3209
23.39,3099
23.41,3130
23.43,3208
23.45,3245
23.47,3129
23.49,3142
23.51,3136
23.53,3112
23.55,3046
23.57,3034
23.59,3059
23.61,3032
23.63,3159
23.65,2960
23.67,3150
23.69,3042
23.71,2965
23.73,2914
23.75,2906
23.77,2773
23.79,2816
23.81,2835
23.83,2786
23.85,2898
23.87,2825
23.89,2757
23.91,2779
23.93,2699
23.95,2828
23.97,2675
23.99,2745
24.01,2794
24.03,2682
24.05,2638
24.07,2634
24.09,2561
24.11,2589
24.13,2601
24.15,2566
24.17,2578
24.19,2607
24.21,2453
24.23,2546
24.25,2481
24.27,2444
24.29,2514
24.31,2503
24.33,2398
24.35,2424
24.37,2438
24.39,2450
24.41,2389
24.43,2456
24.45,2487
24.47,2424
24.49,2279
24.51,2348
24.53,2357
24.55,2224
24.57,2306
24.59,2320
24.61,2282
24.63,2284
24.65,2232
24.67,2234
24.69,2233
24.71,2244
24.73,2193
24.75,2152
24.77,2167
24.79,2116
24.81,2163
24.83,2136
24.85,2172
24.87,2018
24.89,2076
24.91,2105
24.93,2034
24.95,2030
24.97,2073
24.99,2033
25.01,2087
25.03,1938
25.05,2035
25.07,1960
25.09,1918
25.11,1987
25.13,1913
25.15,1951
25.17,2015
25.19,1909
25.21,1894
25.23,1839
25.25,1892
25.27,1810
25.29,1923
25.31,1786
25.33,1869
25.35,1887
25.37,1844
25.39,1840
25.41,1684
25.43,1836
25.45,1886
25.47,1879
25.49,1876
25.51,1777
25.53,1873
25.55,1706
25.57,1857
25.59,1829
25.61,1818
25.63,1885
25.65,1719
25.67,1813
25.69,1831
25.71,1812
25.73,1750
25.75,1820
25.77,1780
25.79,1806
25.81,1778
25.83,1747
25.85,1742
25.87,1824
25.89,1780
25.91,1809
25.93,1804
25.95,1796
25.97,1782
25.99,1734
26.01,1786
26.03,1806
26.05,1765
26.07,1803
26.09,1787
26.11,1875
26.13,1808
26.15,1747
26.17,1845
26.19,1756
26.21,1683
26.23,1810
26.25,1782
26.27,1838
26.29,1793
26.31,1809
26.33,1825
26.35,1773
26.37,1829
26.39,1788
26.41,1803
26.43,1812
26.45,1780
26.47,1843
26.49,1768
26.51,1859
26.53,1822
26.55,1791
26.57,1804
26.59,1890
26.61,1919
26.63,1816
26.65,1862
26.67,1772
26.69,1793
26.71,1875
26.73,1818
26.75,1874
26.77,1845
26.79,1836
26.81,1846
26.83,1774
26.85,1839
26.87,1780
26.89,1796
26.91,1779
26.93,1836
26.95,1723
26.97,1818
26.99,1753
27.01,1759
27.03,1800
27.05,1713
27.07,1738
27.09,1773
27.11,1732
27.13,1745
27.15,1676
27.17,1689
27.19,1728
27.21,1723
27.23,1640
27.25,1763
27.27,1659
27.29,1713
27.31,1675
27.33,1665
27.35,1679
27.37,1657
27.39,1693
27.41,1668
27.43,1698
27.45,1540
27.47,1576
27.49,1627
27.51,1604
27.53,1640
27.55,1544
27.57,1575
27.59,1574
27.61,1615
27.63,1617
27.65,1536
27.67,1630
27.69,1624
27.71,1650
27.73,1541
27.75,1639
27.77,1603
27.79,1571
27.81,1581
27.83,1581
27.85,1631
27.87,1523
27.89,1627
27.91,1565
27.93,1604
27.95,1560
27.97,1563
27.99,1562
28.01,1512
28.03,1599
28.05,1495
28.07,1604
28.09,1562
28.11,1614
28.13,1617
28.15,1569
28.17,1593
28.19,1631
28.21,1654
28.23,1573
28.25,1532
28.27,1612
28.29,1633
28.31,1585
28.33,1541
28.35,1582
28.37,1576
28.39,1625
28.41,1641
28.43,1659
28.45,1573
28.47,1605
28.49,1653
28.51,1560
28.53,1579
28.55,1646
28.57,1628
28.59,1586
28.61,1606
28.63,1638
28.65,1680
28.67,1592
28.69,1628
28.71,1641
28.73,1658
28.75,1657
28.77,1699
28.79,1653
28.81,1679
28.83,1674
28.85,1690
28.87,1702
28.89,1667
28.91,1669
28.93,1698
28.95,1727
28.97,1647
28.99,1792
29.01,1749
29.03,1674
29.05,1582
29.07,1661
29.09,1656
29.11,1752
29.13,1752
29.15,1690
29.17,1766
29.19,1738
29.21,1715
29.23,1673
29.25,1706
29.27,1778
29.29,1739
29.31,1693
29.33,1732
29.35,1722
29.37,1712
29.39,1699
29.41,1720
29.43,1784
29.45,1685
29.47,1661
29.49,1714
29.51,1661
29.53,1771
29.55,1686
29.57,1668
29.59,1676
29.61,1778
29.63,1667
29.65,1687
29.67,1737
29.69,1707
29.71,1678
29.73,1701
29.75,1724
29.77,1668
29.79,1745
29.81,1719
29.83,1750
29.85,1753
29.87,1728
29.89,1745
29.91,1706
29.93,1681
29.95,1774
29.97,1740
29.99,1762
30.01,1755
30.03,1767
30.05,1681
30.07,1766
30.09,1805
30.11,1844
30.13,1819
30.15,1762
30.17,1843
30.19,1783
30.21,1816
30.23,1848
30.25,1830
30.27,1785
30.29,1858
30.31,1705
30.33,1826
30.35,1762
30.37,1775
30.39,1838
30.41,1864
30.43,1898
30.45,1895
30.47,1905
30.49,1877
30.51,1837
30.53,1866
30.55,1818
30.57,1831
30.59,1863
30.61,1926
30.63,1830
30.65,1966
30.67,1916
30.69,1954
30.71,1906
30.73,1969
30.75,1982
30.77,1890
30.79,1880
30.81,1909
30.83,1876
30.85,1902
30.87,1925
30.89,1944
30.91,1852
30.93,1906
30.95,1882
30.97,1863
30.99,1757
31.01,1822
31.03,1858
31.05,1908
31.07,1848
31.09,1888
31.11,1885
31.13,1970
31.15,1820
31.17,1861
31.19,1918
31.21,1856
31.23,1860
31.25,1911
31.27,1780
31.29,1826
31.31,1842
31.33,1867
31.35,1877
31.37,1819
31.39,1875
31.41,1803
31.43,1891
31.45,1885
31.47,1887
31.49,1853
31.51,1900
31.53,1938
31.55,1920
31.57,1844
31.59,1821
31.61,1816
31.63,1766
31.65,1837
31.67,1862
31.69,1883
31.71,1880
31.73,1863
31.75,1894
31.77,1817
31.79,1876
31.81,1791
31.83,1797
31.85,1844
31.87,1831
31.89,1815
31.91,1826
31.93,1860
31.95,1766
31.97,1802
31.99,1791
32.01,1788
32.03,1849
32.05,1822
32.07,1911
32.09,1777
32.11,1789
32.13,1819
32.15,1860
32.17,1806
32.19,1817
32.21,1783
32.23,1785
32.25,1797
32.27,1828
32.29,1835
32.31,1855
32.33,1840
32.35,1851
32.37,1887
32.39,1806
32.41,1836
32.43,1882
32.45,1852
32.47,1810
32.49,1764
32.51,1866
32.53,1892
32.55,1834
32.57,1899
32.59,1845
32.61,1898
32.63,1867
32.65,1912
32.67,1852
32.69,1986
32.71,1825
32.73,1925
32.75,1880
32.77,1858
32.79,1892
32.81,1881
32.83,1782
32.85,1896
32.87,1845
32.89,1864
32.91,1894
32.93,1886
32.95,1853
32.97,1817
32.99,1882
33.01,1871
33.03,1925
33.05,1867
33.07,1884
33.09,1880
33.11,1905
33.13,1896
33.15,1844
33.17,1962
33.19,1834
33.21,1859
33.23,1870
33.25,1886
33.27,1909
33.29,1839
33.31,1900
33.33,1922
33.35,1877
33.37,1927
33.39,1933
33.41,1934
33.43,1916
33.45,1927
33.47,1871
33.49,1925
33.51,1903
33.53,1926
33.55,1870
33.57,1875
33.59,1826
33.61,1962
33.63,1885
33.65,1744
33.67,1918
33.69,1897
33.71,1984
33.73,1881
33.75,1805
33.77,1913
33.79,1896
33.81,1869
33.83,1881
33.85,1903
33.87,1947
33.89,1965
33.91,1946
33.93,1880
33.95,1867
33.97,1792
33.99,1832
34.01,1880
34.03,1888
34.05,1843
34.07,1831
34.09,1900
34.11,1763
34.13,1857
34.15,1893
34.17,1859
34.19,1927
34.21,1891
34.23,1891
34.25,1835
34.27,1878
34.29,1888
34.31,1833
34.33,1811
34.35,1888
34.37,1890
34.39,1837
34.41,1768
34.43,1829
34.45,1782
34.47,1855
34.49,1748
34.51,1793
34.53,1777
34.55,1743
34.57,1726
34.59,1720
34.61,1823
34.63,1737
34.65,1794
34.67,1759
34.69,1727
34.71,1806
34.73,1766
34.75,1768
34.77,1816
34.79,1682
34.81,1766
34.83,1746
34.85,1737
34.87,1772
34.89,1697
34.91,1751
34.93,1740
34.95,1775
34.97,1767
34.99,1738
35.01,1700
35.03,1707
35.05,1697
35.07,1769
35.09,1749
35.11,1735
35.13,1665
35.15,1649
35.17,1688
35.19,1733
35.21,1686
35.23,1664
35.25,1712
35.27,1677
35.29,1725
35.31,1624
35.33,1721
35.35,1672
35.37,1631
35.39,1684
35.41,1671
35.43,1669
35.45,1661
35.47,1727
35.49,1688
35.51,1713
35.53,1632
35.55,1656
35.57,1633
35.59,1599
35.61,1648
35.63,1618
35.65,1668
35.67,1651
35.69,1664
35.71,1676
35.73,1586
35.75,1645
35.77,1666
35.79,1688
35.81,1624
35.83,1592
35.85,1637
35.87,1611
35.89,1556
35.91,1697
35.93,1586
35.95,1653
35.97,1610
35.99,1655
36.01,1618
36.03,1637
36.05,1578
36.07,1591
36.09,1588
36.11,1665
36.13,1650
36.15,1607
36.17,1644
36.19,1684
36.21,1581
36.23,1671
36.25,1585
36.27,1618
36.29,1688
36.31,1702
36.33,1661
36.35,1598
36.37,1642
36.39,1604
36.41,1587
36.43,1596
36.45,1610
36.47,1623
36.49,1616
36.51,1636
36.53,1623
36.55,1651
36.57,1564
36.59,1591
36.61,1584
36.63,1693
36.65,1538
36.67,1529
36.69,1583
36.71,1596
36.73,1692
36.75,1591
36.77,1579
36.79,1581
36.81,1583
36.83,1627
36.85,1608
36.87,1632
36.89,1620
36.91,1554
36.93,1543
36.95,1521
36.97,1567
36.99,1626
37.01,1597
37.03,1576
37.05,1561
37.07,1565
37.09,1532
37.11,1577
37.13,1527
37.15,1669
37.17,1562
37.19,1571
37.21,1512
37.23,1507
37.25,1557
37.27,1585
37.29,1572
37.31,1552
37.33,1586
37.35,1588
37.37,1538
37.39,1573
37.41,1569
37.43,1585
37.45,1607
37.47,1597
37.49,1485
37.51,1584
37.53,1539
37.55,1553
37.57,1555
37.59,1562
37.61,1549
37.63,1568
37.65,1509
37.67,1555
37.69,1561
37.71,1577
37.73,1519
37.75,1543
37.77,1587
37.79,1635
37.81,1624
37.83,1590
37.85,1628
37.87,1597
37.89,1563
37.91,1527
37.93,1553
37.95,1567
37.97,1523
37.99,1620
38.01,1564
38.03,1609
38.05,1520
38.07,1598
38.09,1528
38.11,1551
38.13,1584
38.15,1578
38.17,1581
38.19,1492
38.21,1595
38.23,1534
38.25,1523
38.27,1588
38.29,1589
38.31,1548
38.33,1666
38.35,1568
38.37,1472
38.39,1637
38.41,1549
38.43,1573
38.45,1579
38.47,1579
38.49,1569
38.51,1623
38.53,1651
38.55,1630
38.57,1533
38.59,1540
38.61,1574
38.63,1548
38.65,1592
38.67,1601
38.69,1605
38.71,1622
38.73,1533
38.75,1561
38.77,1523
38.79,1567
38.81,1579
38.83,1492
38.85,1530
38.87,1506
38.89,1550
38.91,1518
38.93,1532
38.95,1529
38.97,1539
38.99,1489
39.01,1476
39.03,1518
39.05,1448
39.07,1511
39.09,1511
39.11,1478
39.13,1472
39.15,1456
39.17,1484
39.19,1499
39.21,1480
39.23,1539
39.25,1471
39.27,1484
39.29,1500
39.31,1501
39.33,1454
39.35,1495
39.37,1503
39.39,1514
39.41,1466
39.43,1535
39.45,1458
39.47,1435
39.49,1480
39.51,1429
39.53,1503
39.55,1479
39.57,1453
39.59,1452
39.61,1450
39.63,1408
39.65,1421
39.67,1449
39.69,1403
39.71,1368
39.73,1406
39.75,1451
39.77,1406
39.79,1428
39.81,1420
39.83,1368
39.85,1354
39.87,1357
39.89,1343
39.91,1426
39.93,1404
39.95,1280
39.97,1337
39.99,1382
40.01,1390
40.03,1426
40.05,1352
40.07,1368
40.09,1335
40.11,1328
40.13,1339
40.15,1337
40.17,1310
40.19,1333
40.21,1312
40.23,1337
40.25,1290
40.27,1284
40.29,1325
40.31,1407
40.33,1324
40.35,1341
40.37,1359
40.39,1318
40.41,1297
40.43,1317
40.45,1324
40.47,1308
40.49,1248
40.51,1335
40.53,1277
40.55,1305
40.57,1309
40.59,1285
40.61,1294
40.63,1294
40.65,1330
40.67,1270
40.69,1331
40.71,1324
40.73,1238
40.75,1248
40.77,1280
40.79,1296
40.81,1256
40.83,1339
40.85,1219
40.87,1274
40.89,1283
40.91,1268
40.93,1296
40.95,1271
40.97,1227
40.99,1227
41.01,1247
41.03,1214
41.05,1220
41.07,1204
41.09,1213
41.11,1304
41.13,1215
41.15,1232
41.17,1303
41.19,1251
41.21,1243
41.23,1238
41.25,1151
41.27,1263
41.29,1184
41.31,1324
41.33,1316
41.35,1247
41.37,1254
41.39,1199
41.41,1167
41.43,1262
41.45,1213
41.47,1273
41.49,1200
41.51,1172
41.53,1208
41.55,1255
41.57,1162
41.59,1179
41.61,1199
41.63,1191
41.65,1231
41.67,1132
41.69,1192
41.71,1215
41.73,1220
41.75,1192
41.77,1186
41.79,1228
41.81,1260
41.83,1235
41.85,1193
41.87,1237
41.89,1184
41.91,1205
41.93,1129
41.95,1214
41.97,1198
41.99,1127
42.01,1200
42.03,1185
42.05,1203
42.07,1184
42.09,1280
42.11,1220
42.13,1252
42.15,1213
42.17,1178
42.19,1200
42.21,1171
42.23,1210
42.25,1148
42.27,1238
42.29,1144
42.31,1177
42.33,1204
42.35,1177
42.37,1243
42.39,1168
42.41,1273
42.43,1173
42.45,1220
42.47,1217
42.49,1228
42.51,1233
42.53,1186
42.55,1197
42.57,1207
42.59,1275
42.61,1196
42.63,1194
42.65,1150
42.67,1265
42.69,1293
42.71,1223
42.73,1223
42.75,1201
42.77,1252
42.79,1196
42.81,1254
42.83,1257
42.85,1247
42.87,1232
42.89,1188
42.91,1152
42.93,1149
42.95,1256
42.97,1194
42.99,1214
43.01,1134
43.03,1189
43.05,1198
43.07,1269
43.09,1237
43.11,1223
43.13,1208
43.15,1206
43.17,1169
43.19,1195
43.21,1236
43.23,1260
43.25,1162
43.27,1212
43.29,1202
43.31,1224
43.33,1191
43.35,1219
43.37,1222
43.39,1148
43.41,1175
43.43,1192
43.45,1194
43.47,1185
43.49,1251
43.51,1205
43.53,1203
43.55,1152
43.57,1185
43.59,1261
43.61,1251
43.63,1187
43.65,1247
43.67,1227
43.69,1231
43.71,1174
43.73,1173
43.75,1179
43.77,1253
43.79,1194
43.81,1276
43.83,1160
43.85,1210
43.87,1213
43.89,1218
43.91,1178
43.93,1122
43.95,1178
43.97,1191
43.99,1179
44.01,1135
44.03,1213
44.05,1185
44.07,1197
44.09,1145
44.11,1180
44.13,1119
44.15,1156
44.17,1156
44.19,1117
44.21,1233
44.23,1140
44.25,1241
44.27,1160
44.29,1144
44.31,1105
44.33,1143
44.35,1165
44.37,1185
44.39,1186
44.41,1178
44.43,1121
44.45,1181
44.47,1235
44.49,1182
44.51,1138
44.53,1176
44.55,1193
44.57,1153
44.59,1136
44.61,1119
44.63,1131
44.65,1151
44.67,1086
44.69,1158
44.71,1149
44.73,1099
44.75,1143
44.77,1130
44.79,1151
44.81,1189
44.83,1206
44.85,1137
44.87,1088
44.89,1089
44.91,1175
44.93,1164
44.95,1132
44.97,1159
44.99,1147
45.01,1121
45.03,1099
45.05,1102
45.07,1129
45.09,1102
45.11,1142
45.13,1072
45.15,1103
45.17,1102
45.19,1150
45.21,1117
45.23,1164
45.25,1156
45.27,1096
45.29,1113
45.31,1079
45.33,1108
45.35,1111
45.37,1057
45.39,1128
45.41,1112
45.43,1090
45.45,1092
45.47,1084
45.49,1132
45.51,1123
45.53,1039
45.55,1067
45.57,1066
45.59,1056
45.61,1082
45.63,1076
45.65,1033
45.67,1103
45.69,1084
45.71,1057
45.73,1088
45.75,1071
45.77,1131
45.79,1074
45.81,1094
45.83,1085
45.85,1075
45.87,1133
45.89,1012
45.91,1060
45.93,1080
45.95,1102
45.97,1027
45.99,1134
46.01,1096
46.03,1033
46.05,1133
46.07,1078
46.09,1094
46.11,1106
46.13,1065
46.15,1084
46.17,1043
46.19,1054
46.21,1079
46.23,1144
46.25,1051
46.27,1133
46.29,1110
46.31,1047
46.33,1066
46.35,1128
46.37,1124
46.39,1056
46.41,1093
46.43,1086
46.45,1177
46.47,1125
46.49,1134
46.51,1044
46.53,1134
46.55,1040
46.57,1147
46.59,1116
46.61,1139
46.63,1119
46.65,1003
46.67,1079
46.69,1070
46.71,1111
46.73,1067
46.75,1104
46.77,1090
46.79,1126
46.81,1160
46.83,1095
46.85,1073
46.87,1135
46.89,1118
46.91,1055
46.93,1139
46.95,1093
46.97,1090
46.99,1048
47.01,1085
47.03,1107
47.05,1085
47.07,1112
47.09,1126
47.11,1107
47.13,1107
47.15,1077
47.17,1065
47.19,1090
47.21,1099
47.23,1093
47.25,1094
47.27,1126
47.29,1100
47.31,1123
47.33,1108
47.35,1116
47.37,1151
47.39,1157
47.41,1148
47.43,1110
47.45,1075
47.47,1085
47.49,1097
47.51,1116
47.53,1158
47.55,1137
47.57,1075
47.59,1080
47.61,1135
47.63,1150
47.65,1099
47.67,1141
47.69,1083
47.71,1135
47.73,1154
47.75,1080
47.77,1044
47.79,1087
47.81,1130
47.83,1118
47.85,1093
47.87,1130
47.89,1089
47.91,1116
47.93,1104
47.95,1088
47.97,1054
47.99,1084
48.01,1068
48.03,1073
48.05,1087
48.07,1065
48.09,1091
48.11,1103
48.13,1050
48.15,1018
48.17,1125
48.19,1058
48.21,1121
48.23,1035
48.25,1054
48.27,1103
48.29,1064
48.31,1143
48.33,1018
48.35,1054
48.37,1042
48.39,1049
48.41,1099
48.43,1100
48.45,1016
48.47,1070
48.49,1023
48.51,1085
48.53,1026
48.55,1022
48.57,1005
48.59,1042
48.61,1083
48.63,970
48.65,1025
48.67,1045
48.69,1044
48.71,973
48.73,1027
48.75,1026
48.77,1056
48.79,1005
48.81,1053
48.83,1010
48.85,988
48.87,1016
48.89,967
48.91,1046
48.93,1010
48.95,969
48.97,1020
48.99,974
49.01,980
49.03,953
49.05,1015
49.07,974
49.09,1034
49.11,968
49.13,982
49.15,991
49.17,943
49.19,943
49.21,981
49.23,941
49.25,951
49.27,1008
49.29,1013
49.31,937
49.33,980
49.35,994
49.37,930
49.39,945
49.41,923
49.43,991
49.45,952
49.47,967
49.49,951
49.51,951
49.53,941
49.55,932
49.57,1012
49.59,916
49.61,949
49.63,982
49.65,926
49.67,955
49.69,1013
49.71,927
49.73,913
49.75,952
49.77,904
49.79,877
49.81,940
49.83,907
49.85,956
49.87,920
49.89,963
49.91,902
49.93,907
49.95,938
49.97,896
49.99,922
50.01,891
50.03,926
50.05,897
50.07,930
50.09,977
50.11,883
50.13,923
50.15,941
50.17,930
50.19,887
50.21,902
50.23,937
50.25,880
50.27,930
50.29,838
50.31,885
50.33,926
50.35,857
50.37,835
50.39,874
50.41,947
50.43,892
50.45,867
50.47,884
50.49,858
50.51,841
50.53,882
50.55,863
50.57,846
50.59,833
50.61,846
50.63,817
50.65,874
50.67,846
50.69,908
50.71,858
50.73,889
50.75,903
50.77,864
50.79,849
50.81,815
50.83,860
50.85,820
50.87,817
50.89,847
50.91,804
50.93,831
50.95,814
50.97,832
50.99,811
51.01,837
51.03,800
51.05,816
51.07,782
51.09,824
51.11,795
51.13,842
51.15,772
51.17,799
51.19,794
51.21,823
51.23,786
51.25,771
51.27,778
51.29,742
51.31,750
51.33,775
51.35,738
51.37,801
51.39,798
51.41,829
51.43,793
51.45,780
51.47,803
51.49,806
51.51,776
51.53,733
51.55,792
51.57,735
51.59,780
51.61,763
51.63,777
51.65,764
51.67,740
51.69,781
51.71,785
51.73,756
51.75,715
51.77,820
51.79,734
51.81,728
51.83,773
51.85,789
51.87,723
51.89,759
51.91,797
51.93,731
51.95,782
51.97,750
51.99,694
52.01,732
52.03,740
52.05,725
52.07,750
52.09,752
52.11,759
52.13,720
52.15,703
52.17,738
52.19,731
52.21,715
52.23,754
52.25,750
52.27,771
52.29,707
52.31,703
52.33,691
52.35,752
52.37,713
52.39,751
52.41,711
52.43,732
52.45,721
52.47,781
52.49,738
52.51,708
52.53,682
52.55,696
52.57,706
52.59,741
52.61,715
52.63,711
52.65,726
52.67,729
52.69,709
52.71,722
52.73,753
52.75,755
52.77,744
52.79,721
52.81,711
52.83,709
52.85,698
52.87,704
52.89,714
52.91,687
52.93,757
52.95,696
52.97,701
52.99,699
53.01,690
53.03,703
53.05,730
53.07,729
53.09,671
53.11,638
53.13,659
53.15,687
53.17,711
53.19,688
53.21,678
53.23,744
53.25,740
53.27,674
53.29,683
53.31,701
53.33,719
53.35,703
53.37,667
53.39,730
53.41,729
53.43,706
53.45,666
53.47,700
53.49,718
53.51,697
53.53,688
53.55,681
53.57,705
53.59,673
53.61,669
53.63,694
53.65,694
53.67,671
53.69,671
53.71,698
53.73,716
53.75,645
53.77,682
53.79,700
53.81,687
53.83,636
53.85,704
53.87,632
53.89,626
53.91,729
53.93,648
53.95,665
53.97,685
53.99,638
54.01,659
54.03,701
54.05,715
54.07,707
54.09,628
54.11,694
54.13,674
54.15,658
54.17,643
54.19,642
54.21,674
54.23,645
54.25,644
54.27,677
54.29,657
54.31,670
54.33,681
54.35,616
54.37,674
54.39,706
54.41,613
54.43,642
54.45,679
54.47,655
54.49,623
54.51,652
54.53,656
54.55,615
54.57,664
54.59,628
54.61,631
54.63,652
54.65,617
54.67,589
54.69,622
54.71,625
54.73,639
54.75,650
54.77,618
54.79,590
54.81,633
54.83,618
54.85,634
54.87,625
54.89,662
54.91,604
54.93,597
54.95,664
54.97,590
54.99,653
55.01,610
55.03,685
55.05,606
55.07,630
55.09,644
55.11,573
55.13,597
55.15,591
55.17,601
55.19,604
55.21,600
55.23,629
55.25,633
55.27,614
55.29,594
55.31,581
55.33,558
55.35,613
55.37,579
55.39,624
55.41,601
55.43,604
55.45,600
55.47,559
55.49,616
55.51,542
55.53,609
55.55,565
55.57,616
55.59,553
55.61,627
55.63,555
55.65,605
55.67,570
55.69,574
55.71,614
55.73,589
55.75,581
55.77,549
55.79,640
55.81,585
55.83,558
55.85,559
55.87,590
55.89,567
55.91,568
55.93,581
55.95,570
55.97,561
55.99,584
56.01,579
56.03,641
56.05,545
56.07,611
56.09,587
56.11,545
56.13,573
56.15,595
56.17,547
56.19,591
56.21,557
56.23,566
56.25,561
56.27,576
56.29,549
56.31,529
56.33,542
56.35,581
56.37,542
56.39,555
56.41,562
56.43,549
56.45,547
56.47,613
56.49,552
56.51,528
56.53,555
56.55,539
56.57,558
56.59,581
56.61,559
56.63,563
56.65,577
56.67,501
56.69,553
56.71,560
56.73,571
56.75,559
56.77,523
56.79,526
56.81,542
56.83,514
56.85,574
56.87,586
56.89,528
56.91,528
56.93,559
56.95,589
56.97,529
56.99,537
