XRD - Patata-40,
5.01,6744
5.03,6571
5.05,6789
5.07,6639
5.09,6685
5.11,6418
5.13,6230
5.15,6233
5.17,6045
5.19,5998
5.21,5826
5.23,5627
5.25,5342
5.27,5107
5.29,5032
5.31,4792
5.33,4675
5.35,4458
5.37,4483
5.39,4278
5.41,4232
5.43,4013
5.45,3835
5.47,3828
5.49,3781
5.51,3819
5.53,3575
5.55,3454
5.57,3510
5.59,3404
5.61,3358
5.63,3284
5.65,3224
5.67,3156
5.69,3133
5.71,3076
5.73,3147
5.75,3124
5.77,2976
5.79,2949
5.81,3011
5.83,2929
5.85,2977
5.87,2930
5.89,2846
5.91,2724
5.93,2838
5.95,2878
5.97,2826
5.99,2785
6.01,2782
6.03,2793
6.05,2820
6.07,2672
6.09,2705
6.11,2755
6.13,2648
6.15,2726
6.17,2691
6.19,2724
6.21,2614
6.23,2654
6.25,2655
6.27,2676
6.29,2668
6.31,2525
6.33,2527
6.35,2621
6.37,2525
6.39,2625
6.41,2685
6.43,2628
6.45,2588
6.47,2570
6.49,2587
6.51,2531
6.53,2619
6.55,2535
6.57,2591
6.59,2613
6.61,2560
6.63,2516
6.65,2609
6.67,2522
6.69,2535
6.71,2568
6.73,2603
6.75,2504
6.77,2625
6.79,2535
6.81,2665
6.83,2557
6.85,2605
6.87,2560
6.89,2520
6.91,2488
6.93,2641
6.95,2680
6.97,2503
6.99,2529
7.01,2557
7.03,2531
7.05,2575
7.07,2597
7.09,2636
7.11,2452
7.13,2533
7.15,2556
7.17,2592
7.19,2602
7.21,2563
7.23,2545
7.25,2617
7.27,2758
7.29,2601
7.31,2538
7.33,2548
7.35,2691
7.37,2577
7.39,2528
7.41,2608
7.43,2583
7.45,2702
7.47,2575
7.49,2602
7.51,2540
7.53,2600
7.55,2723
7.57,2734
7.59,2636
7.61,2580
7.63,2635
7.65,2659
7.67,2638
7.69,2657
7.71,2725
7.73,2646
7.75,2630
7.77,2545
7.79,2640
7.81,2635
7.83,2643
7.85,2681
7.87,2615
7.89,2633
7.91,2648
7.93,2612
7.95,2634
7.97,2645
7.99,2646
8.01,2594
8.03,2658
8.05,2600
8.07,2651
8.09,2726
8.11,2700
8.13,2642
8.15,2709
8.17,2661
8.19,2698
8.21,2664
8.23,2662
8.25,2754
8.27,2680
8.29,2768
8.31,2670
8.33,2719
8.35,2679
8.37,2677
8.39,2731
8.41,2643
8.43,2694
8.45,2752
8.47,2831
8.49,2759
8.51,2698
8.53,2698
8.55,2748
8.57,2791
8.59,2688
8.61,2752
8.63,2845
8.65,2754
8.67,2759
8.69,2889
8.71,2763
8.73,2856
8.75,2917
8.77,2777
8.79,2790
8.81,2834
8.83,2959
8.85,2856
8.87,2957
8.89,3033
8.91,2988
8.93,3125
8.95,2934
8.97,2949
8.99,3051
9.01,3087
9.03,3063
9.05,3098
9.07,3070
9.09,3025
9.11,3159
9.13,3100
9.15,3083
9.17,3224
9.19,3329
9.21,3336
9.23,3235
9.25,3218
9.27,3328
9.29,3342
9.31,3355
9.33,3262
9.35,3412
9.37,3224
9.39,3185
9.41,3278
9.43,3254
9.45,3364
9.47,3211
9.49,3349
9.51,3403
9.53,3295
9.55,3336
9.57,3264
9.59,3312
9.61,3267
9.63,3274
9.65,3241
9.67,3207
9.69,3281
9.71,3304
9.73,3289
9.75,3311
9.77,3219
9.79,3212
9.81,3260
9.83,3166
9.85,3242
9.87,3313
9.89,3138
9.91,3171
9.93,3094
9.95,3130
9.97,3193
9.99,3131
10.01,3228
10.03,3079
10.05,3169
10.07,3087
10.09,3004
10.11,3043
10.13,3160
10.15,3078
10.17,3015
10.19,3060
10.21,3093
10.23,3043
10.25,3088
10.27,3077
10.29,3054
10.31,2953
10.33,3068
10.35,2965
10.37,3007
10.39,3118
10.41,3038
10.43,3172
10.45,3113
10.47,3036
10.49,3065
10.51,3163
10.53,3116
10.55,3087
10.57,3118
10.59,3097
10.61,3091
10.63,3144
10.65,3158
10.67,3173
10.69,3089
10.71,3156
10.73,3067
10.75,3126
10.77,3186
10.79,3067
10.81,3093
10.83,3076
10.85,3119
10.87,3206
10.89,3120
10.91,3056
10.93,3117
10.95,3145
10.97,3113
10.99,3065
11.01,3045
11.03,2992
11.05,3122
11.07,2990
11.09,3050
11.11,2933
11.13,3049
11.15,3017
11.17,2954
11.19,2873
11.21,2923
11.23,3023
11.25,3040
11.27,2968
11.29,2860
11.31,2877
11.33,2839
11.35,2951
11.37,2834
11.39,2826
11.41,2932
11.43,2916
11.45,2930
11.47,2856
11.49,2856
11.51,2843
11.53,2843
11.55,2843
11.57,2791
11.59,2804
11.61,2799
11.63,2804
11.65,2772
11.67,2855
11.69,2918
11.71,2808
11.73,2766
11.75,2804
11.77,2712
11.79,2801
11.81,2837
11.83,2854
11.85,2878
11.87,2816
11.89,2803
11.91,2772
11.93,2711
11.95,2897
11.97,2842
11.99,2817
12.01,2897
12.03,2815
12.05,2931
12.07,2838
12.09,2883
12.11,2819
12.13,2926
12.15,2900
12.17,2988
12.19,2984
12.21,2865
12.23,2826
12.25,2940
12.27,2954
12.29,2961
12.31,2956
12.33,2937
12.35,2946
12.37,2883
12.39,2933
12.41,3058
12.43,2900
12.45,3017
12.47,3052
12.49,2989
12.51,3051
12.53,3047
12.55,3038
12.57,3073
12.59,3113
12.61,3051
12.63,2979
12.65,3051
12.67,3037
12.69,3182
12.71,3075
12.73,3148
12.75,3205
12.77,3162
12.79,3287
12.81,3268
12.83,3290
12.85,3374
12.87,3237
12.89,3331
12.91,3291
12.93,3477
12.95,3361
12.97,3496
12.99,3442
13.01,3484
13.03,3532
13.05,3505
13.07,3602
13.09,3628
13.11,3681
13.13,3727
13.15,3729
13.17,3825
13.19,3824
13.21,3790
13.23,3870
13.25,3958
13.27,4110
13.29,4079
13.31,4051
13.33,4134
13.35,4003
13.37,4192
13.39,4106
13.41,4111
13.43,4343
13.45,4376
13.47,4270
13.49,4278
13.51,4387
13.53,4285
13.55,4381
13.57,4533
13.59,4531
13.61,4365
13.63,4446
13.65,4492
13.67,4408
13.69,4604
13.71,4581
13.73,4475
13.75,4428
13.77,4492
13.79,4514
13.81,4494
13.83,4535
13.85,4451
13.87,4420
13.89,4460
13.91,4519
13.93,4422
13.95,4349
13.97,4398
13.99,4464
14.01,4431
14.03,4369
14.05,4395
14.07,4494
14.09,4453
14.11,4414
14.13,4345
14.15,4385
14.17,4474
14.19,4464
14.21,4413
14.23,4376
14.25,4439
14.27,4454
14.29,4627
14.31,4455
14.33,4625
14.35,4509
14.37,4597
14.39,4636
14.41,4611
14.43,4662
14.45,4770
14.47,4626
14.49,4580
14.51,4867
14.53,4656
14.55,4665
14.57,4734
14.59,4559
14.61,4697
14.63,4542
14.65,4619
14.67,4516
14.69,4530
14.71,4387
14.73,4413
14.75,4416
14.77,4475
14.79,4323
14.81,4258
14.83,4295
14.85,4270
14.87,4222
14.89,4124
14.91,4149
14.93,4050
14.95,4008
14.97,3961
14.99,3916
15.01,4015
15.03,3883
15.05,3859
15.07,3912
15.09,3906
15.11,3854
15.13,3741
15.15,3629
15.17,3738
15.19,3637
15.21,3666
15.23,3623
15.25,3674
15.27,3652
15.29,3639
15.31,3801
15.33,3698
15.35,3725
15.37,3639
15.39,3691
15.41,3740
15.43,3828
15.45,3707
15.47,3798
15.49,3759
15.51,3834
15.53,3874
15.55,3836
15.57,3936
15.59,4004
15.61,4114
15.63,3936
15.65,3962
15.67,3963
15.69,4179
15.71,4036
15.73,4095
15.75,4272
15.77,4186
15.79,4296
15.81,4431
15.83,4381
15.85,4547
15.87,4528
15.89,4695
15.91,4766
15.93,4726
15.95,4878
15.97,4880
15.99,5024
16.01,5003
16.03,5205
16.05,5316
16.07,5396
16.09,5379
16.11,5620
16.13,5569
16.15,5778
16.17,5825
16.19,5740
16.21,5999
16.23,6243
16.25,6117
16.27,6186
16.29,6355
16.31,6500
16.33,6632
16.35,6720
16.37,6832
16.39,7048
16.41,7003
16.43,7381
16.45,7405
16.47,7269
16.49,7560
16.51,7326
16.53,7385
16.55,7590
16.57,7539
16.59,7634
16.61,7571
16.63,7630
16.65,7607
16.67,7660
16.69,7615
16.71,7681
16.73,7597
16.75,7372
16.77,7493
16.79,7329
16.81,7405
16.83,7171
16.85,7236
16.87,7153
16.89,6919
16.91,6770
16.93,6773
16.95,6577
16.97,6593
16.99,6424
17.01,6360
17.03,6178
17.05,6008
17.07,5833
17.09,5828
17.11,5533
17.13,5460
17.15,5384
17.17,5276
17.19,5125
17.21,5154
17.23,5097
17.25,4805
17.27,4738
17.29,4757
17.31,4536
17.33,4471
17.35,4614
17.37,4449
17.39,4384
17.41,4356
17.43,4178
17.45,4075
17.47,4107
17.49,4056
17.51,4082
17.53,3959
17.55,3908
17.57,3937
17.59,3844
17.61,4001
17.63,3872
17.65,3810
17.67,3833
17.69,3861
17.71,3762
17.73,3805
17.75,3854
17.77,3717
17.79,3644
17.81,3718
17.83,3654
17.85,3693
17.87,3768
17.89,3673
17.91,3685
17.93,3681
17.95,3663
17.97,3719
17.99,3584
18.01,3692
18.03,3659
18.05,3655
18.07,3662
18.09,3676
18.11,3700
18.13,3755
18.15,3611
18.17,3693
18.19,3632
18.21,3693
18.23,3742
18.25,3722
18.27,3719
18.29,3800
18.31,3802
18.33,3602
18.35,3774
18.37,3656
18.39,3729
18.41,3801
18.43,3833
18.45,3801
18.47,3839
18.49,3882
18.51,3947
18.53,3792
18.55,3947
18.57,3824
18.59,3882
18.61,3864
18.63,3921
18.65,3846
18.67,3877
18.69,3946
18.71,3868
18.73,4040
18.75,3954
18.77,3987
18.79,4029
18.81,3959
18.83,3917
18.85,4022
18.87,4117
18.89,4235
18.91,4101
18.93,4084
18.95,4149
18.97,4068
18.99,4058
19.01,4181
19.03,4243
19.05,4261
19.07,4221
19.09,4195
19.11,4215
19.13,4214
19.15,4206
19.17,4421
19.19,4104
19.21,4267
19.23,4242
19.25,4245
19.27,4323
19.29,4223
19.31,4246
19.33,4264
19.35,4396
19.37,4262
19.39,4159
19.41,4109
19.43,4207
19.45,4116
19.47,4102
19.49,4189
19.51,4039
19.53,4165
19.55,4161
19.57,4124
19.59,3980
19.61,4119
19.63,4002
19.65,4131
19.67,3995
19.69,4067
19.71,3982
19.73,3999
19.75,4057
19.77,3931
19.79,3963
19.81,3954
19.83,3996
19.85,3940
19.87,3866
19.89,3878
19.91,3932
19.93,3915
19.95,3941
19.97,3886
19.99,3831
20.01,3850
20.03,3830
20.05,3727
20.07,3929
20.09,3859
20.11,3855
20.13,3900
20.15,3830
20.17,3906
20.19,3827
20.21,3833
20.23,3876
20.25,3965
20.27,3786
20.29,3856
20.31,3760
20.33,3770
20.35,3921
20.37,3878
20.39,3842
20.41,3794
20.43,3842
20.45,3881
20.47,3956
20.49,3819
20.51,3806
20.53,3859
20.55,3849
20.57,3707
20.59,3772
20.61,3842
20.63,3853
20.65,3821
20.67,3880
20.69,3837
20.71,3876
20.73,3841
20.75,3977
20.77,3993
20.79,3882
20.81,4109
20.83,4005
20.85,4008
20.87,4098
20.89,4053
20.91,4127
20.93,4005
20.95,4090
20.97,4062
20.99,4072
21.01,4131
21.03,4028
21.05,4306
21.07,4280
21.09,4258
21.11,4312
21.13,4337
21.15,4247
21.17,4343
21.19,4450
21.21,4301
21.23,4410
21.25,4434
21.27,4526
21.29,4536
21.31,4505
21.33,4591
21.35,4654
21.37,4824
21.39,4659
21.41,4663
21.43,4693
21.45,4824
21.47,4838
21.49,4878
21.51,4895
21.53,5013
21.55,4886
21.57,4792
21.59,5073
21.61,4971
21.63,5035
21.65,4972
21.67,5086
21.69,5093
21.71,5099
21.73,5227
21.75,5204
21.77,5107
21.79,5257
21.81,5166
21.83,5091
21.85,5118
21.87,5271
21.89,5045
21.91,5141
21.93,5168
21.95,5165
21.97,5115
21.99,5045
22.01,4974
22.03,4840
22.05,5060
22.07,4832
22.09,4880
22.11,4870
22.13,4852
22.15,4823
22.17,4875
22.19,4683
22.21,4769
22.23,4565
22.25,4656
22.27,4604
22.29,4559
22.31,4444
22.33,4542
22.35,4513
22.37,4538
22.39,4540
22.41,4512
22.43,4234
22.45,4373
22.47,4454
22.49,4371
22.51,4388
22.53,4291
22.55,4241
22.57,4409
22.59,4310
22.61,4279
22.63,4278
22.65,4320
22.67,4306
22.69,4232
22.71,4178
22.73,4267
22.75,4253
22.77,4375
22.79,4318
22.81,4202
22.83,4300
22.85,4390
22.87,4415
22.89,4408
22.91,4286
22.93,4298
22.95,4320
22.97,4357
22.99,4342
23.01,4390
23.03,4303
23.05,4440
23.07,4524
23.09,4481
23.11,4436
23.13,4493
23.15,4418
23.17,4562
23.19,4545
23.21,4527
23.23,4577
23.25,4597
23.27,4644
23.29,4663
23.31,4535
23.33,4599
23.35,4636
23.37,4576
23.39,4678
23.41,4600
23.43,4706
23.45,4703
23.47,4766
23.49,4657
23.51,4690
23.53,4807
23.55,4621
23.57,4720
23.59,4702
23.61,4730
23.63,4699
23.65,4603
23.67,4697
23.69,4711
23.71,4695
23.73,4587
23.75,4544
23.77,4578
23.79,4593
23.81,4538
23.83,4661
23.85,4481
23.87,4573
23.89,4697
23.91,4622
23.93,4485
23.95,4339
23.97,4442
23.99,4423
24.01,4476
24.03,4357
24.05,4267
24.07,4197
24.09,4282
24.11,4308
24.13,4235
24.15,4166
24.17,4136
24.19,4118
24.21,4007
24.23,4119
24.25,3926
24.27,3978
24.29,3764
24.31,3864
24.33,3894
24.35,3663
24.37,3812
24.39,3685
24.41,3546
24.43,3640
24.45,3573
24.47,3602
24.49,3551
24.51,3518
24.53,3545
24.55,3426
24.57,3477
24.59,3469
24.61,3403
24.63,3414
24.65,3231
24.67,3424
24.69,3290
24.71,3445
24.73,3317
24.75,3362
24.77,3397
24.79,3402
24.81,3346
24.83,3220
24.85,3268
24.87,3279
24.89,3226
24.91,3273
24.93,3275
24.95,3227
24.97,3256
24.99,3204
25.01,3340
25.03,3276
25.05,3246
25.07,3082
25.09,3256
25.11,3182
25.13,3198
25.15,3270
25.17,3289
25.19,3351
25.21,3220
25.23,3245
25.25,3272
25.27,3333
25.29,3236
25.31,3272
25.33,3220
25.35,3266
25.37,3215
25.39,3356
25.41,3363
25.43,3251
25.45,3297
25.47,3297
25.49,3289
25.51,3428
25.53,3269
25.55,3384
25.57,3407
25.59,3256
25.61,3402
25.63,3240
25.65,3402
25.67,3387
25.69,3394
25.71,3355
25.73,3283
25.75,3370
25.77,3375
25.79,3409
25.81,3370
25.83,3384
25.85,3377
25.87,3426
25.89,3369
25.91,3296
25.93,3215
25.95,3268
25.97,3339
25.99,3381
26.01,3364
26.03,3404
26.05,3320
26.07,3266
26.09,3283
26.11,3328
26.13,3306
26.15,3293
26.17,3310
26.19,3290
26.21,3218
26.23,3224
26.25,3183
26.27,3175
26.29,3245
26.31,3097
26.33,3108
26.35,3156
26.37,3090
26.39,3090
26.41,3097
26.43,3059
26.45,3056
26.47,3037
26.49,3113
26.51,3081
26.53,3020
26.55,3038
26.57,2956
26.59,3009
26.61,2936
26.63,3015
26.65,2912
26.67,2888
26.69,2865
26.71,2964
26.73,2865
26.75,2896
26.77,2886
26.79,2875
26.81,2872
26.83,2835
26.85,2866
26.87,2811
26.89,2702
26.91,2867
26.93,2789
26.95,2845
26.97,2862
26.99,2933
27.01,2907
27.03,2908
27.05,2839
27.07,2763
27.09,2787
27.11,2871
27.13,2892
27.15,2662
27.17,2762
27.19,2797
27.21,2751
27.23,2827
27.25,2689
27.27,2746
27.29,2686
27.31,2754
27.33,2740
27.35,2796
27.37,2763
27.39,2683
27.41,2825
27.43,2751
27.45,2812
27.47,2803
27.49,2701
27.51,2693
27.53,2733
27.55,2730
27.57,2735
27.59,2742
27.61,2777
27.63,2751
27.65,2809
27.67,2734
27.69,2720
27.71,2796
27.73,2758
27.75,2748
27.77,2733
27.79,2769
27.81,2696
27.83,2763
27.85,2752
27.87,2741
27.89,2707
27.91,2792
27.93,2658
27.95,2615
27.97,2789
27.99,2839
28.01,2768
28.03,2772
28.05,2689
28.07,2704
28.09,2830
28.11,2736
28.13,2781
28.15,2819
28.17,2874
28.19,2742
28.21,2863
28.23,2786
28.25,2871
28.27,2765
28.29,2740
28.31,2792
28.33,2802
28.35,2760
28.37,2789
28.39,2799
28.41,2783
28.43,2721
28.45,2816
28.47,2903
28.49,2778
28.51,2749
28.53,2721
28.55,2792
28.57,2797
28.59,2737
28.61,2760
28.63,2726
28.65,2805
28.67,2803
28.69,2862
28.71,2865
28.73,2754
28.75,2815
28.77,2823
28.79,2864
28.81,2790
28.83,2742
28.85,2833
28.87,2813
28.89,2808
28.91,2864
28.93,2810
28.95,2915
28.97,2853
28.99,2762
29.01,2804
29.03,2846
29.05,2933
29.07,2844
29.09,2841
29.11,2829
29.13,2872
29.15,2847
29.17,2843
29.19,2878
29.21,2934
29.23,2894
29.25,2910
29.27,2895
29.29,2897
29.31,2890
29.33,2839
29.35,2938
29.37,2868
29.39,2813
29.41,2921
29.43,2937
29.45,2901
29.47,2869
29.49,2940
29.51,2902
29.53,3063
29.55,2875
29.57,2931
29.59,2973
29.61,2937
29.63,2976
29.65,3043
29.67,2843
29.69,3046
29.71,3094
29.73,2901
29.75,2986
29.77,2980
29.79,2895
29.81,2960
29.83,3003
29.85,2880
29.87,2930
29.89,2939
29.91,2794
29.93,3000
29.95,2967
29.97,3076
29.99,2895
30.01,2932
30.03,2960
30.05,3007
30.07,3006
30.09,2925
30.11,2901
30.13,2909
30.15,2905
30.17,2910
30.19,3060
30.21,2867
30.23,2976
30.25,2959
30.27,2855
30.29,2889
30.31,2960
30.33,2975
30.35,2865
30.37,3060
30.39,2909
30.41,2950
30.43,2929
30.45,2925
30.47,3035
30.49,3045
30.51,3010
30.53,2905
30.55,2862
30.57,2964
30.59,2946
30.61,2978
30.63,3004
30.65,2797
30.67,2982
30.69,2966
30.71,2920
30.73,3004
30.75,2941
30.77,2894
30.79,2900
30.81,2915
30.83,2913
30.85,2958
30.87,2960
30.89,3028
30.91,2965
30.93,2914
30.95,2996
30.97,2976
30.99,2866
31.01,2920
31.03,2898
31.05,2932
31.07,2931
31.09,2927
31.11,2902
31.13,3041
31.15,2912
31.17,2950
31.19,2861
31.21,2851
31.23,2956
31.25,2998
31.27,2802
31.29,2963
31.31,2802
31.33,2923
31.35,2910
31.37,2888
31.39,2881
31.41,2778
31.43,2847
31.45,2749
31.47,2882
31.49,2900
31.51,2882
31.53,2755
31.55,2776
31.57,2806
31.59,2876
31.61,2799
31.63,2951
31.65,2863
31.67,2733
31.69,2770
31.71,2874
31.73,2796
31.75,2843
31.77,2829
31.79,2740
31.81,2679
31.83,2759
31.85,2731
31.87,2797
31.89,2782
31.91,2822
31.93,2777
31.95,2768
31.97,2866
31.99,2857
32.01,2803
32.03,2733
32.05,2697
32.07,2777
32.09,2735
32.11,2807
32.13,2890
32.15,2792
32.17,2833
32.19,2763
32.21,2800
32.23,2759
32.25,2765
32.27,2897
32.29,2828
32.31,2769
32.33,2801
32.35,2900
32.37,2804
32.39,2833
32.41,2865
32.43,2728
32.45,2896
32.47,2795
32.49,2826
32.51,2759
32.53,2785
32.55,2882
32.57,2752
32.59,2828
32.61,2770
32.63,2723
32.65,2841
32.67,2842
32.69,2833
32.71,2770
32.73,2847
32.75,2845
32.77,2815
32.79,2921
32.81,2854
32.83,2781
32.85,2896
32.87,2878
32.89,2870
32.91,2850
32.93,2899
32.95,2895
32.97,2836
32.99,2837
33.01,2843
33.03,2857
33.05,2821
33.07,2898
33.09,2800
33.11,2871
33.13,2847
33.15,2883
33.17,3015
33.19,2937
33.21,2884
33.23,2910
33.25,2954
33.27,2902
33.29,2882
33.31,2930
33.33,2928
33.35,2883
33.37,2980
33.39,2859
33.41,2905
33.43,2995
33.45,3012
33.47,2981
33.49,2923
33.51,2963
33.53,2998
33.55,2998
33.57,2970
33.59,2929
33.61,2996
33.63,2938
33.65,2916
33.67,2865
33.69,2929
33.71,2908
33.73,2961
33.75,3019
33.77,3021
33.79,2915
33.81,2962
33.83,2947
33.85,3039
33.87,2959
33.89,2982
33.91,2921
33.93,2936
33.95,2982
33.97,2888
33.99,2904
34.01,2911
34.03,2945
34.05,3014
34.07,2908
34.09,2980
34.11,2889
34.13,2998
34.15,2994
34.17,2966
34.19,3098
34.21,2922
34.23,2905
34.25,2856
34.27,2947
34.29,2963
34.31,2987
34.33,2896
34.35,3013
34.37,2859
34.39,2930
34.41,2921
34.43,2826
34.45,2913
34.47,2868
34.49,2907
34.51,2831
34.53,2882
34.55,2934
34.57,2794
34.59,2785
34.61,2831
34.63,2888
34.65,2788
34.67,2765
34.69,2718
34.71,2781
34.73,2781
34.75,2753
34.77,2802
34.79,2835
34.81,2754
34.83,2719
34.85,2746
34.87,2846
34.89,2694
34.91,2635
34.93,2597
34.95,2770
34.97,2668
34.99,2652
35.01,2701
35.03,2655
35.05,2602
35.07,2687
35.09,2653
35.11,2585
35.13,2713
35.15,2649
35.17,2756
35.19,2690
35.21,2758
35.23,2600
35.25,2628
35.27,2586
35.29,2574
35.31,2664
35.33,2629
35.35,2573
35.37,2646
35.39,2615
35.41,2598
35.43,2671
35.45,2609
35.47,2539
35.49,2513
35.51,2554
35.53,2606
35.55,2552
35.57,2600
35.59,2559
35.61,2552
35.63,2623
35.65,2679
35.67,2577
35.69,2618
35.71,2470
35.73,2543
35.75,2625
35.77,2534
35.79,2459
35.81,2533
35.83,2542
35.85,2453
35.87,2467
35.89,2617
35.91,2476
35.93,2457
35.95,2525
35.97,2437
35.99,2529
36.01,2429
36.03,2545
36.05,2498
36.07,2476
36.09,2554
36.11,2462
36.13,2540
36.15,2537
36.17,2441
36.19,2540
36.21,2538
36.23,2478
36.25,2418
36.27,2487
36.29,2485
36.31,2516
36.33,2482
36.35,2484
36.37,2405
36.39,2532
36.41,2482
36.43,2446
36.45,2499
36.47,2415
36.49,2502
36.51,2495
36.53,2423
36.55,2563
36.57,2447
36.59,2494
36.61,2415
36.63,2433
36.65,2505
36.67,2433
36.69,2440
36.71,2347
36.73,2450
36.75,2405
36.77,2529
36.79,2514
36.81,2404
36.83,2428
36.85,2434
36.87,2455
36.89,2510
36.91,2458
36.93,2435
36.95,2505
36.97,2465
36.99,2497
37.01,2472
37.03,2519
37.05,2489
37.07,2501
37.09,2562
37.11,2464
37.13,2471
37.15,2477
37.17,2487
37.19,2416
37.21,2459
37.23,2509
37.25,2482
37.27,2429
37.29,2474
37.31,2483
37.33,2568
37.35,2431
37.37,2530
37.39,2509
37.41,2469
37.43,2469
37.45,2507
37.47,2529
37.49,2641
37.51,2471
37.53,2408
37.55,2443
37.57,2508
37.59,2502
37.61,2517
37.63,2428
37.65,2430
37.67,2510
37.69,2535
37.71,2411
37.73,2433
37.75,2510
37.77,2412
37.79,2473
37.81,2483
37.83,2512
37.85,2538
37.87,2500
37.89,2473
37.91,2468
37.93,2388
37.95,2496
37.97,2488
37.99,2445
38.01,2524
38.03,2474
38.05,2506
38.07,2436
38.09,2499
38.11,2440
38.13,2413
38.15,2485
38.17,2485
38.19,2427
38.21,2458
38.23,2471
38.25,2444
38.27,2439
38.29,2475
38.31,2486
38.33,2398
38.35,2430
38.37,2446
38.39,2408
38.41,2370
38.43,2461
38.45,2399
38.47,2488
38.49,2452
38.51,2401
38.53,2364
38.55,2382
38.57,2464
38.59,2437
38.61,2311
38.63,2471
38.65,2297
38.67,2394
38.69,2346
38.71,2420
38.73,2424
38.75,2298
38.77,2361
38.79,2414
38.81,2288
38.83,2328
38.85,2377
38.87,2355
38.89,2345
38.91,2379
38.93,2294
38.95,2402
38.97,2305
38.99,2364
39.01,2341
39.03,2348
39.05,2407
39.07,2264
39.09,2330
39.11,2364
39.13,2325
39.15,2327
39.17,2187
39.19,2368
39.21,2343
39.23,2238
39.25,2337
39.27,2305
39.29,2249
39.31,2292
39.33,2284
39.35,2247
39.37,2198
39.39,2306
39.41,2325
39.43,2298
39.45,2282
39.47,2350
39.49,2214
39.51,2221
39.53,2266
39.55,2331
39.57,2148
39.59,2162
39.61,2188
39.63,2211
39.65,2265
39.67,2275
39.69,2305
39.71,2206
39.73,2248
39.75,2184
39.77,2256
39.79,2255
39.81,2213
39.83,2162
39.85,2178
39.87,2153
39.89,2206
39.91,2135
39.93,2198
39.95,2206
39.97,2184
39.99,2219
40.01,2152
40.03,2116
40.05,2161
40.07,2193
40.09,2167
40.11,2156
40.13,2188
40.15,2174
40.17,2104
40.19,2142
40.21,2162
40.23,2154
40.25,2082
40.27,2163
40.29,2147
40.31,2087
40.33,2130
40.35,2131
40.37,2131
40.39,2126
40.41,2055
40.43,1974
40.45,2050
40.47,2154
40.49,2103
40.51,2112
40.53,2192
40.55,2074
40.57,2127
40.59,2186
40.61,2067
40.63,2061
40.65,2107
40.67,2135
40.69,2138
40.71,2112
40.73,2087
40.75,2101
40.77,2049
40.79,2050
40.81,2059
40.83,2093
40.85,2055
40.87,2070
40.89,2076
40.91,2006
40.93,2030
40.95,2085
40.97,1990
40.99,2109
41.01,2112
41.03,2008
41.05,2049
41.07,2003
41.09,2050
41.11,2054
41.13,2055
41.15,2057
41.17,2115
41.19,1999
41.21,2074
41.23,2013
41.25,2011
41.27,2075
41.29,2072
41.31,2003
41.33,2038
41.35,2058
41.37,2017
41.39,2071
41.41,2083
41.43,2027
41.45,2021
41.47,2025
41.49,2087
41.51,2029
41.53,2015
41.55,2056
41.57,2077
41.59,1993
41.61,2055
41.63,1947
41.65,1984
41.67,2027
41.69,2090
41.71,1938
41.73,2057
41.75,2063
41.77,2047
41.79,1983
41.81,2012
41.83,2016
41.85,2021
41.87,2036
41.89,1989
41.91,2093
41.93,1988
41.95,2079
41.97,2006
41.99,2040
42.01,1947
42.03,1983
42.05,1953
42.07,1964
42.09,2061
42.11,2019
42.13,2124
42.15,2003
42.17,1893
42.19,2076
42.21,1883
42.23,2031
42.25,1930
42.27,1918
42.29,1985
42.31,2058
42.33,2007
42.35,2027
42.37,2019
42.39,1904
42.41,1942
42.43,1967
42.45,1970
42.47,1995
42.49,1981
42.51,1925
42.53,2016
42.55,2055
42.57,1901
42.59,1956
42.61,2033
42.63,1978
42.65,1999
42.67,2055
42.69,1912
42.71,1916
42.73,2025
42.75,1944
42.77,1999
42.79,2069
42.81,1999
42.83,2006
42.85,1973
42.87,1995
42.89,2010
42.91,1992
42.93,2008
42.95,2023
42.97,1945
42.99,1953
43.01,1907
43.03,1943
43.05,1942
43.07,1973
43.09,1959
43.11,1926
43.13,1918
43.15,2043
43.17,1970
43.19,2003
43.21,2025
43.23,1993
43.25,1943
43.27,1987
43.29,1884
43.31,1934
43.33,1927
43.35,1873
43.37,1891
43.39,1990
43.41,2062
43.43,1990
43.45,1949
43.47,2044
43.49,1984
43.51,1969
43.53,1855
43.55,2041
43.57,1950
43.59,1884
43.61,1984
43.63,1873
43.65,1981
43.67,1971
43.69,2009
43.71,1992
43.73,2002
43.75,1907
43.77,1986
43.79,1952
43.81,1923
43.83,1943
43.85,1931
43.87,1901
43.89,2006
43.91,2024
43.93,1905
43.95,1959
43.97,1965
43.99,1989
44.01,1974
44.03,1996
44.05,2000
44.07,1936
44.09,1894
44.11,1928
44.13,1944
44.15,1806
44.17,1906
44.19,1923
44.21,1978
44.23,1921
44.25,1957
44.27,2015
44.29,1950
44.31,1886
44.33,2012
44.35,1887
44.37,1960
44.39,1977
44.41,1885
44.43,1895
44.45,1844
44.47,1948
44.49,1858
44.51,1935
44.53,1879
44.55,1929
44.57,1940
44.59,1921
44.61,1886
44.63,1940
44.65,1886
44.67,1917
44.69,1926
44.71,1931
44.73,1847
44.75,2002
44.77,1880
44.79,1934
44.81,1840
44.83,1875
44.85,1880
44.87,1922
44.89,1870
44.91,1968
44.93,1930
44.95,1877
44.97,1980
44.99,1869
45.01,1893
45.03,1961
45.05,1837
45.07,1838
45.09,1912
45.11,1933
45.13,1849
45.15,1851
45.17,1838
45.19,1842
45.21,1915
45.23,1959
45.25,1874
45.27,1899
45.29,1886
45.31,1832
45.33,1898
45.35,1904
45.37,1882
45.39,1882
45.41,1895
45.43,1858
45.45,1917
45.47,1839
45.49,1853
45.51,1919
45.53,1801
45.55,1901
45.57,1962
45.59,1904
45.61,1850
45.63,1856
45.65,1867
45.67,1864
45.69,1777
45.71,1849
45.73,1800
45.75,1913
45.77,1834
45.79,1796
45.81,1826
45.83,1906
45.85,1871
45.87,1895
45.89,1875
45.91,1825
45.93,1860
45.95,1835
45.97,1805
45.99,1840
46.01,1857
46.03,1866
46.05,1882
46.07,1846
46.09,1783
46.11,1856
46.13,1859
46.15,1838
46.17,1935
46.19,1799
46.21,1772
46.23,1822
46.25,1757
46.27,1873
46.29,1780
46.31,1880
46.33,1800
46.35,1813
46.37,1796
46.39,1812
46.41,1858
46.43,1763
46.45,1827
46.47,1782
46.49,1779
46.51,1710
46.53,1767
46.55,1779
46.57,1803
46.59,1781
46.61,1737
46.63,1776
46.65,1811
46.67,1816
46.69,1786
46.71,1777
46.73,1831
46.75,1779
46.77,1869
46.79,1760
46.81,1768
46.83,1780
46.85,1749
46.87,1802
46.89,1755
46.91,1708
46.93,1734
46.95,1752
46.97,1807
46.99,1722
47.01,1714
47.03,1733
47.05,1724
47.07,1728
47.09,1691
47.11,1717
47.13,1734
47.15,1777
47.17,1756
47.19,1745
47.21,1738
47.23,1784
47.25,1748
47.27,1835
47.29,1744
47.31,1724
47.33,1749
47.35,1786
47.37,1760
47.39,1738
47.41,1685
47.43,1788
47.45,1745
47.47,1696
47.49,1783
47.51,1750
47.53,1742
47.55,1691
47.57,1719
47.59,1738
47.61,1744
47.63,1744
47.65,1703
47.67,1709
47.69,1751
47.71,1748
47.73,1790
47.75,1725
47.77,1671
47.79,1770
47.81,1720
47.83,1662
47.85,1705
47.87,1734
47.89,1762
47.91,1658
47.93,1610
47.95,1646
47.97,1766
47.99,1708
48.01,1695
48.03,1684
48.05,1677
48.07,1742
48.09,1653
48.11,1649
48.13,1681
48.15,1754
48.17,1685
48.19,1693
48.21,1691
48.23,1747
48.25,1694
48.27,1662
48.29,1643
48.31,1621
48.33,1750
48.35,1666
48.37,1722
48.39,1713
48.41,1649
48.43,1693
48.45,1726
48.47,1599
48.49,1606
48.51,1656
48.53,1740
48.55,1710
48.57,1697
48.59,1688
48.61,1684
48.63,1655
48.65,1649
48.67,1658
48.69,1614
48.71,1703
48.73,1616
48.75,1642
48.77,1600
48.79,1617
48.81,1669
48.83,1620
48.85,1647
48.87,1568
48.89,1620
48.91,1691
48.93,1622
48.95,1648
48.97,1672
48.99,1614
49.01,1617
49.03,1615
49.05,1561
49.07,1620
49.09,1586
49.11,1624
49.13,1553
49.15,1589
49.17,1555
49.19,1541
49.21,1578
49.23,1549
49.25,1579
49.27,1526
49.29,1594
49.31,1559
49.33,1575
49.35,1456
49.37,1570
49.39,1579
49.41,1561
49.43,1620
49.45,1544
49.47,1554
49.49,1485
49.51,1554
49.53,1585
49.55,1446
49.57,1538
49.59,1557
49.61,1534
49.63,1588
49.65,1596
49.67,1524
49.69,1543
49.71,1456
49.73,1540
49.75,1507
49.77,1556
49.79,1462
49.81,1567
49.83,1512
49.85,1484
49.87,1470
49.89,1531
49.91,1510
49.93,1508
49.95,1551
49.97,1443
49.99,1491
50.01,1504
50.03,1464
50.05,1437
50.07,1404
50.09,1486
50.11,1455
50.13,1486
50.15,1448
50.17,1498
50.19,1422
50.21,1396
50.23,1448
50.25,1445
50.27,1495
50.29,1429
50.31,1412
50.33,1427
50.35,1400
50.37,1419
50.39,1408
50.41,1443
50.43,1385
50.45,1370
50.47,1439
50.49,1384
50.51,1389
50.53,1419
50.55,1399
50.57,1366
50.59,1340
50.61,1463
50.63,1438
50.65,1417
50.67,1384
50.69,1371
50.71,1375
50.73,1359
50.75,1387
50.77,1372
50.79,1362
50.81,1345
50.83,1402
50.85,1339
50.87,1375
50.89,1394
50.91,1411
50.93,1327
50.95,1345
50.97,1371
50.99,1313
51.01,1319
51.03,1296
51.05,1342
51.07,1374
51.09,1323
51.11,1293
51.13,1337
51.15,1290
51.17,1255
51.19,1391
51.21,1366
51.23,1312
51.25,1288
51.27,1291
51.29,1279
51.31,1234
51.33,1292
51.35,1364
51.37,1282
51.39,1277
51.41,1261
51.43,1299
51.45,1274
51.47,1291
51.49,1304
51.51,1249
51.53,1307
51.55,1289
51.57,1272
51.59,1284
51.61,1252
51.63,1266
51.65,1282
51.67,1248
51.69,1244
51.71,1277
51.73,1234
51.75,1273
51.77,1327
51.79,1275
51.81,1224
51.83,1276
51.85,1265
51.87,1252
51.89,1271
51.91,1271
51.93,1259
51.95,1194
51.97,1208
51.99,1241
52.01,1240
52.03,1230
52.05,1241
52.07,1255
52.09,1307
52.11,1295
52.13,1216
52.15,1213
52.17,1221
52.19,1266
52.21,1198
52.23,1290
52.25,1179
52.27,1184
52.29,1235
52.31,1219
52.33,1183
52.35,1250
52.37,1151
52.39,1193
52.41,1196
52.43,1218
52.45,1202
52.47,1159
52.49,1202
52.51,1207
52.53,1192
52.55,1139
52.57,1120
52.59,1204
52.61,1159
52.63,1162
52.65,1130
52.67,1175
52.69,1187
52.71,1170
52.73,1179
52.75,1160
52.77,1210
52.79,1234
52.81,1128
52.83,1148
52.85,1158
52.87,1185
52.89,1135
52.91,1190
52.93,1195
52.95,1104
52.97,1159
52.99,1159
53.01,1123
53.03,1153
53.05,1137
53.07,1126
53.09,1104
53.11,1120
53.13,1122
53.15,1193
53.17,1069
53.19,1139
53.21,1132
53.23,1087
53.25,1172
53.27,1053
53.29,1088
53.31,1182
53.33,1079
53.35,1041
53.37,1104
53.39,1095
53.41,1092
53.43,1121
53.45,1050
53.47,1097
53.49,1130
53.51,1131
53.53,1086
53.55,1164
53.57,1083
53.59,1104
53.61,1031
53.63,1148
53.65,1165
53.67,1095
53.69,1066
53.71,1114
53.73,1044
53.75,1105
53.77,1087
53.79,1100
53.81,1072
53.83,1120
53.85,1108
53.87,1101
53.89,1137
53.91,1136
53.93,1089
53.95,1091
53.97,1114
53.99,1044
54.01,1071
54.03,1035
54.05,1112
54.07,1083
54.09,1058
54.11,1082
54.13,1092
54.15,1022
54.17,1036
54.19,1036
54.21,1011
54.23,1049
54.25,1024
54.27,1075
54.29,1080
54.31,1089
54.33,1083
54.35,1053
54.37,1045
54.39,1056
54.41,1058
54.43,1028
54.45,1029
54.47,1048
54.49,1056
54.51,997
54.53,1058
54.55,1023
54.57,985
54.59,1076
54.61,998
54.63,968
54.65,942
54.67,1001
54.69,1072
54.71,1064
54.73,1012
54.75,1081
54.77,1036
54.79,1053
54.81,1016
54.83,1069
54.85,1020
54.87,1036
54.89,985
54.91,1006
54.93,990
54.95,1065
54.97,997
54.99,1005
55.01,1015
55.03,1039
55.05,1002
55.07,1005
55.09,998
55.11,1108
55.13,983
55.15,924
55.17,996
55.19,1023
55.21,1003
55.23,1021
55.25,1060
55.27,1006
55.29,951
55.31,1048
55.33,973
55.35,956
55.37,1022
55.39,958
55.41,976
55.43,965
55.45,897
55.47,948
55.49,988
55.51,972
55.53,955
55.55,966
55.57,970
55.59,931
55.61,975
55.63,1015
55.65,1010
55.67,1020
55.69,1004
55.71,996
55.73,957
55.75,960
55.77,1020
55.79,961
55.81,990
55.83,962
55.85,1021
55.87,976
55.89,981
55.91,965
55.93,969
55.95,967
55.97,981
55.99,940
56.01,921
56.03,925
56.05,995
56.07,916
56.09,914
56.11,999
56.13,978
56.15,913
56.17,859
56.19,937
56.21,969
56.23,901
56.25,930
56.27,929
56.29,997
56.31,945
56.33,927
56.35,922
56.37,958
56.39,970
56.41,945
56.43,922
56.45,959
56.47,957
56.49,947
56.51,918
56.53,980
56.55,981
56.57,955
56.59,949
56.61,904
56.63,919
56.65,929
56.67,902
56.69,893
56.71,900
56.73,971
56.75,920
56.77,975
56.79,911
56.81,952
56.83,921
56.85,904
56.87,944
56.89,965
56.91,891
56.93,911
56.95,940
56.97,966
56.99,908
57.01,905
57.03,892
57.05,939
57.07,951
57.09,916
57.11,899
57.13,860
57.15,878
57.17,913
57.19,888
57.21,902
57.23,863
57.25,885
57.27,894
57.29,923
57.31,900
57.33,950
57.35,862
57.37,920
57.39,951
57.41,845
57.43,888
57.45,897
57.47,891
57.49,907
57.51,917
57.53,876
57.55,898
57.57,845
57.59,894
57.61,925
57.63,899
57.65,894
57.67,909
57.69,901
57.71,905
57.73,841
57.75,905
57.77,835
57.79,887
57.81,908
57.83,874
57.85,915
57.87,910
57.89,850
57.91,835
57.93,886
57.95,877
57.97,829
57.99,855
58.01,844
58.03,910
58.05,853
58.07,836
58.09,877
58.11,913
58.13,850
58.15,884
58.17,821
58.19,838
58.21,854
58.23,840
58.25,884
58.27,868
58.29,904
58.31,835
58.33,858
58.35,835
58.37,869
58.39,828
58.41,861
58.43,859
58.45,872
58.47,906
58.49,867
58.51,839
58.53,847
58.55,871
58.57,874
58.59,877
58.61,887
58.63,886
58.65,846
58.67,814
58.69,847
58.71,860
58.73,837
58.75,889
58.77,800
58.79,889
58.81,850
58.83,818
58.85,787
58.87,815
58.89,801
58.91,848
58.93,820
58.95,811
58.97,843
58.99,833
59.01,847
59.03,847
59.05,772
59.07,804
59.09,812
59.11,879
59.13,806
59.15,817
59.17,800
59.19,873
59.21,830
59.23,832
59.25,834
59.27,885
59.29,801
59.31,778
59.33,804
59.35,847
59.37,844
59.39,804
59.41,845
59.43,797
59.45,832
59.47,849
59.49,841
59.51,803
59.53,825
59.55,799
59.57,812
59.59,789
59.61,784
59.63,788
59.65,831
59.67,797
59.69,841
59.71,794
59.73,833
59.75,787
59.77,827
59.79,787
59.81,781
59.83,823
59.85,816
59.87,841
59.89,851
59.91,791
59.93,748
59.95,793
59.97,786
59.99,780
60.01,760
60.03,792
60.05,758
60.07,764
60.09,831
60.11,772
60.13,761
60.15,759
60.17,808
60.19,768
60.21,778
60.23,791
60.25,792
60.27,786
60.29,800
60.31,772
60.33,805
60.35,792
60.37,770
60.39,801
60.41,757
60.43,746
60.45,791
60.47,758
60.49,730
60.51,790
60.53,811
60.55,761
60.57,779
60.59,754
60.61,741
60.63,761
60.65,815
60.67,723
60.69,795
60.71,789
60.73,713
60.75,754
60.77,789
60.79,743
60.81,805
60.83,815
60.85,768
60.87,745
60.89,757
60.91,740
60.93,811
60.95,714
60.97,783
60.99,757
61.01,787
61.03,760
61.05,753
61.07,720
61.09,756
61.11,757
61.13,784
61.15,817
61.17,776
61.19,779
61.21,761
61.23,775
61.25,800
61.27,751
61.29,751
61.31,777
61.33,776
61.35,804
61.37,752
61.39,712
61.41,768
61.43,740
61.45,734
61.47,736
61.49,712
61.51,772
61.53,776
61.55,704
61.57,702
61.59,701
61.61,752
61.63,739
61.65,753
61.67,733
61.69,764
61.71,714
61.73,797
61.75,769
61.77,812
61.79,682
61.81,720
61.83,772
61.85,713
61.87,750
61.89,707
61.91,734
61.93,749
61.95,759
61.97,733
61.99,764
62.01,737
62.03,714
62.05,779
62.07,773
62.09,759
62.11,741
62.13,762
62.15,770
62.17,703
62.19,739
62.21,765
62.23,725
62.25,687
62.27,767
62.29,686
62.31,748
62.33,771
62.35,730
62.37,764
62.39,743
62.41,719
62.43,723
62.45,793
62.47,720
62.49,676
62.51,741
62.53,711
62.55,776
62.57,743
62.59,772
62.61,748
62.63,758
62.65,724
62.67,742
62.69,697
62.71,747
62.73,748
62.75,746
62.77,764
62.79,734
62.81,788
62.83,773
62.85,717
62.87,751
62.89,758
62.91,690
62.93,745
62.95,711
62.97,716
62.99,760
63.01,690
63.03,695
63.05,726
63.07,744
63.09,733
63.11,756
63.13,715
63.15,724
63.17,713
63.19,692
63.21,774
63.23,703
63.25,699
63.27,771
63.29,715
63.31,730
63.33,686
63.35,712
63.37,742
63.39,716
63.41,732
63.43,706
63.45,719
63.47,704
63.49,719
63.51,689
63.53,755
63.55,730
63.57,708
63.59,719
63.61,745
63.63,784
63.65,734
63.67,700
63.69,701
63.71,696
63.73,734
63.75,710
63.77,723
63.79,750
63.81,683
63.83,690
63.85,685
63.87,745
63.89,750
63.91,666
63.93,737
63.95,718
63.97,777
63.99,715
64.01,774
64.03,721
64.05,726
64.07,742
64.09,690
64.11,732
64.13,750
64.15,721
64.17,735
64.19,768
64.21,722
64.23,802
64.25,729
64.27,698
64.29,702
64.31,703
64.33,743
64.35,728
64.37,737
64.39,748
64.41,756
64.43,684
64.45,697
64.47,725
64.49,686
64.51,723
64.53,683
64.55,686
64.57,765
64.59,736
64.61,753
64.63,749
64.65,767
64.67,710
64.69,711
64.71,712
64.73,698
64.75,754
64.77,712
64.79,722
64.81,738
64.83,721
64.85,747
64.87,709
64.89,706
64.91,700
64.93,713
64.95,689
64.97,740
64.99,705
65.01,718
65.03,659
65.05,680
65.07,728
65.09,716
65.11,780
65.13,676
65.15,722
65.17,782
65.19,697
65.21,762
65.23,697
65.25,717
65.27,701
65.29,721
65.31,678
65.33,668
65.35,651
65.37,685
65.39,729
65.41,709
65.43,676
65.45,716
65.47,691
65.49,685
65.51,730
65.53,721
65.55,734
65.57,673
65.59,684
65.61,739
65.63,733
65.65,704
65.67,677
65.69,727
65.71,680
65.73,735
65.75,765
65.77,702
65.79,717
65.81,693
65.83,692
65.85,743
65.87,741
65.89,688
65.91,700
65.93,686
65.95,732
65.97,682
65.99,713
66.01,777
66.03,685
66.05,741
66.07,694
66.09,714
66.11,705
66.13,665
66.15,716
66.17,689
66.19,671
66.21,703
66.23,709
66.25,717
66.27,723
66.29,703
66.31,726
66.33,721
66.35,686
66.37,683
66.39,718
66.41,694
66.43,701
66.45,727
66.47,718
66.49,729
66.51,695
66.53,693
66.55,718
66.57,661
66.59,723
66.61,706
66.63,733
66.65,700
66.67,733
66.69,695
66.71,723
66.73,732
66.75,705
66.77,693
66.79,711
66.81,699
66.83,715
66.85,722
66.87,689
66.89,694
66.91,679
66.93,719
66.95,721
66.97,674
66.99,730
67.01,698
67.03,670
67.05,713
67.07,688
67.09,692
67.11,684
67.13,687
67.15,715
67.17,731
67.19,646
67.21,727
67.23,682
67.25,669
67.27,684
67.29,714
67.31,732
67.33,674
67.35,673
67.37,726
67.39,747
67.41,718
67.43,678
67.45,726
67.47,689
67.49,634
67.51,701
67.53,715
67.55,732
67.57,645
67.59,747
67.61,669
67.63,739
67.65,651
67.67,725
67.69,702
67.71,694
67.73,708
67.75,719
67.77,693
67.79,656
67.81,750
67.83,729
67.85,723
67.87,687
67.89,713
67.91,705
67.93,687
67.95,684
67.97,740
67.99,717
68.01,750
68.03,723
68.05,713
68.07,714
68.09,715
68.11,686
68.13,677
68.15,722
68.17,701
68.19,698
68.21,673
68.23,676
68.25,641
68.27,682
68.29,702
68.31,717
68.33,705
68.35,687
68.37,681
68.39,703
68.41,689
68.43,733
68.45,710
68.47,690
68.49,644
68.51,655
68.53,710
68.55,639
68.57,697
68.59,669
68.61,700
68.63,657
68.65,666
68.67,710
68.69,715
68.71,717
68.73,692
68.75,704
68.77,688
68.79,737
68.81,686
68.83,657
68.85,709
68.87,705
68.89,698
68.91,668
68.93,734
68.95,707
68.97,684
68.99,705
69.01,719
69.03,683
69.05,678
69.07,706
69.09,651
69.11,610
69.13,716
69.15,719
69.17,725
69.19,635
69.21,701
69.23,746
69.25,643
69.27,708
69.29,690
69.31,684
69.33,739
69.35,715
69.37,733
69.39,708
69.41,628
69.43,676
69.45,707
69.47,700
69.49,680
69.51,716
69.53,711
69.55,673
69.57,708
69.59,701
69.61,723
69.63,657
69.65,720
69.67,704
69.69,707
69.71,695
69.73,686
69.75,731
69.77,720
69.79,672
69.81,700
69.83,766
69.85,697
69.87,708
69.89,729
69.91,724
69.93,678
69.95,736
69.97,677
69.99,699
