Angle,Intensity
30.008355630,95.0
30.025066899,105.0
30.041778168,106.0
30.058489437,121.0
30.075200706,96.0
30.091911975,103.0
30.108623244,96.0
30.125334513,117.0
30.142045782,119.0
30.158757051,119.0
30.175468320,91.0
30.192179589,90.0
30.208890858,102.0
30.225602127,111.0
30.242313396,111.0
30.259024665,117.0
30.275735934,91.0
30.292447203,94.0
30.309158472,110.0
30.325869741,118.0
30.342581010,85.0
30.359292279,93.0
30.376003548,126.0
30.392714817,108.0
30.409426085,122.0
30.426137354,101.0
30.442848623,131.0
30.459559892,90.0
30.476271161,87.0
30.492982430,111.0
30.509693699,106.0
30.526404968,106.0
30.543116237,127.0
30.559827506,103.0
30.576538775,103.0
30.593250044,121.0
30.609961313,104.0
30.626672582,104.0
30.643383851,96.0
30.660095120,104.0
30.676806389,103.0
30.693517658,96.0
30.710228927,105.0
30.726940196,92.0
30.743651465,88.0
30.760362734,96.0
30.777074003,103.0
30.793785272,89.0
30.810496541,116.0
30.827207810,100.0
30.843919079,108.0
30.860630348,99.0
30.877341617,104.0
30.894052886,92.0
30.910764155,113.0
30.927475424,106.0
30.944186693,92.0
30.960897962,104.0
30.977609231,106.0
30.994320500,83.0
31.011031769,108.0
31.027743038,104.0
31.044454307,107.0
31.061165576,100.0
31.077876845,112.0
31.094588114,93.0
31.111299383,107.0
31.128010652,92.0
31.144721921,94.0
31.161433190,90.0
31.178144458,90.0
31.194855727,111.0
31.211566996,104.0
31.228278265,79.0
31.244989534,87.0
31.261700803,99.0
31.278412072,89.0
31.295123341,117.0
31.311834610,100.0
31.328545879,93.0
31.345257148,120.0
31.361968417,100.0
31.378679686,101.0
31.395390955,96.0
31.412102224,99.0
31.428813493,113.0
31.445524762,101.0
31.462236031,107.0
31.478947300,91.0
31.495658569,99.0
31.512369838,94.0
31.529081107,106.0
31.545792376,101.0
31.562503645,104.0
31.579214914,103.0
31.595926183,99.0
31.612637452,84.0
31.629348721,113.0
31.646059990,101.0
31.662771259,113.0
31.679482528,104.0
31.696193797,93.0
31.712905066,96.0
31.729616335,103.0
31.746327604,100.0
31.763038873,96.0
31.779750142,103.0
31.796461411,97.0
31.813172680,96.0
31.829883949,104.0
31.846595218,92.0
31.863306487,96.0
31.880017756,104.0
31.896729025,102.0
31.913440294,97.0
31.930151563,95.0
31.946862832,94.0
31.963574100,102.0
31.980285369,74.0
31.996996638,104.0
32.013707907,90.0
32.030419176,103.0
32.047130445,97.0
32.063841714,110.0
32.080552983,107.0
32.097264252,108.0
32.113975521,90.0
32.130686790,89.0
32.147398059,105.0
32.164109328,116.0
32.180820597,89.0
32.197531866,107.0
32.214243135,87.0
32.230954404,118.0
32.247665673,84.0
32.264376942,99.0
32.281088211,84.0
32.297799480,84.0
32.314510749,96.0
32.331222018,100.0
32.347933287,91.0
32.364644556,74.0
32.381355825,93.0
32.398067094,95.0
32.414778363,87.0
32.431489632,92.0
32.448200901,97.0
32.464912170,95.0
32.481623439,109.0
32.498334708,93.0
32.515045977,105.0
32.531757246,95.0
32.548468515,102.0
32.565179784,87.0
32.581891053,99.0
32.598602322,99.0
32.615313591,103.0
32.632024860,100.0
32.648736129,105.0
32.665447398,108.0
32.682158667,101.0
32.698869936,105.0
32.715581205,91.0
32.732292473,106.0
32.749003742,104.0
32.765715011,84.0
32.782426280,104.0
32.799137549,88.0
32.815848818,96.0
32.832560087,94.0
32.849271356,82.0
32.865982625,84.0
32.882693894,83.0
32.899405163,92.0
32.916116432,87.0
32.932827701,91.0
32.949538970,115.0
32.966250239,91.0
32.982961508,96.0
32.999672777,84.0
33.016384046,96.0
33.033095315,92.0
33.049806584,77.0
33.066517853,82.0
33.083229122,100.0
33.099940391,74.0
33.116651660,101.0
33.133362929,91.0
33.150074198,91.0
33.166785467,84.0
33.183496736,90.0
33.200208005,116.0
33.216919274,105.0
33.233630543,106.0
33.250341812,86.0
33.267053081,91.0
33.283764350,110.0
33.300475619,91.0
33.317186888,95.0
33.333898157,72.0
33.350609426,92.0
33.367320695,105.0
33.384031964,111.0
33.400743233,91.0
33.417454502,99.0
33.434165771,93.0
33.450877040,99.0
33.467588309,94.0
33.484299578,79.0
33.501010847,105.0
33.517722115,99.0
33.534433384,91.0
33.551144653,72.0
33.567855922,92.0
33.584567191,93.0
33.601278460,85.0
33.617989729,82.0
33.634700998,87.0
33.651412267,95.0
33.668123536,90.0
33.684834805,100.0
33.701546074,103.0
33.718257343,83.0
33.734968612,87.0
33.751679881,104.0
33.768391150,83.0
33.785102419,113.0
33.801813688,85.0
33.818524957,112.0
33.835236226,91.0
33.851947495,85.0
33.868658764,99.0
33.885370033,95.0
33.902081302,86.0
33.918792571,94.0
33.935503840,96.0
33.952215109,107.0
33.968926378,88.0
33.985637647,99.0
34.002348916,84.0
34.019060185,95.0
34.035771454,107.0
34.052482723,101.0
34.069193992,95.0
34.085905261,104.0
34.102616530,113.0
34.119327799,95.0
34.136039068,96.0
34.152750337,104.0
34.169461606,109.0
34.186172875,94.0
34.202884144,96.0
34.219595413,107.0
34.236306682,116.0
34.253017951,91.0
34.269729220,88.0
34.286440489,100.0
34.303151757,110.0
34.319863026,99.0
34.336574295,74.0
34.353285564,94.0
34.369996833,95.0
34.386708102,108.0
34.403419371,88.0
34.420130640,96.0
34.436841909,101.0
34.453553178,94.0
34.470264447,87.0
34.486975716,105.0
34.503686985,93.0
34.520398254,89.0
34.537109523,74.0
34.553820792,92.0
34.570532061,105.0
34.587243330,103.0
34.603954599,95.0
34.620665868,91.0
34.637377137,111.0
34.654088406,115.0
34.670799675,93.0
34.687510944,122.0
34.704222213,93.0
34.720933482,97.0
34.737644751,99.0
34.754356020,93.0
34.771067289,97.0
34.787778558,123.0
34.804489827,105.0
34.821201096,87.0
34.837912365,112.0
34.854623634,125.0
34.871334903,105.0
34.888046172,87.0
34.904757441,103.0
34.921468710,90.0
34.938179979,103.0
34.954891248,108.0
34.971602517,120.0
34.988313786,115.0
35.005025055,117.0
35.021736324,96.0
35.038447593,125.0
35.055158862,106.0
35.071870130,123.0
35.088581399,124.0
35.105292668,129.0
35.122003937,102.0
35.138715206,113.0
35.155426475,117.0
35.172137744,107.0
35.188849013,115.0
35.205560282,96.0
35.222271551,124.0
35.238982820,121.0
35.255694089,115.0
35.272405358,121.0
35.289116627,131.0
35.305827896,118.0
35.322539165,116.0
35.339250434,123.0
35.355961703,106.0
35.372672972,131.0
35.389384241,129.0
35.406095510,148.0
35.422806779,121.0
35.439518048,128.0
35.456229317,137.0
35.472940586,152.0
35.489651855,133.0
35.506363124,145.0
35.523074393,134.0
35.539785662,158.0
35.556496931,154.0
35.573208200,132.0
35.589919469,155.0
35.606630738,141.0
35.623342007,171.0
35.640053276,167.0
35.656764545,164.0
35.673475814,170.0
35.690187083,162.0
35.706898352,145.0
35.723609621,175.0
35.740320890,174.0
35.757032159,157.0
35.773743428,172.0
35.790454697,158.0
35.807165966,166.0
35.823877235,188.0
35.840588504,189.0
35.857299772,172.0
35.874011041,195.0
35.890722310,191.0
35.907433579,176.0
35.924144848,185.0
35.940856117,189.0
35.957567386,176.0
35.974278655,200.0
35.990989924,153.0
36.007701193,213.0
36.024412462,199.0
36.041123731,195.0
36.057835000,178.0
36.074546269,177.0
36.091257538,190.0
36.107968807,185.0
36.124680076,214.0
36.141391345,207.0
36.158102614,204.0
36.174813883,185.0
36.191525152,216.0
36.208236421,197.0
36.224947690,199.0
36.241658959,191.0
36.258370228,199.0
36.275081497,185.0
36.291792766,207.0
36.308504035,205.0
36.325215304,206.0
36.341926573,226.0
36.358637842,187.0
36.375349111,211.0
36.392060380,184.0
36.408771649,159.0
36.425482918,172.0
36.442194187,180.0
36.458905456,184.0
36.475616725,162.0
36.492327994,180.0
36.509039263,170.0
36.525750532,153.0
36.542461801,160.0
36.559173070,158.0
36.575884339,153.0
36.592595608,159.0
36.609306877,151.0
36.626018145,173.0
36.642729414,159.0
36.659440683,139.0
36.676151952,150.0
36.692863221,150.0
36.709574490,141.0
36.726285759,132.0
36.742997028,125.0
36.759708297,125.0
36.776419566,118.0
36.793130835,132.0
36.809842104,135.0
36.826553373,123.0
36.843264642,124.0
36.859975911,123.0
36.876687180,120.0
36.893398449,124.0
36.910109718,138.0
36.926820987,109.0
36.943532256,124.0
36.960243525,128.0
36.976954794,119.0
36.993666063,102.0
37.010377332,108.0
37.027088601,131.0
37.043799870,118.0
37.060511139,109.0
37.077222408,119.0
37.093933677,118.0
37.110644946,111.0
37.127356215,105.0
37.144067484,105.0
37.160778753,96.0
37.177490022,94.0
37.194201291,95.0
37.210912560,105.0
37.227623829,104.0
37.244335098,92.0
37.261046367,89.0
37.277757636,95.0
37.294468905,100.0
37.311180174,83.0
37.327891443,110.0
37.344602712,109.0
37.361313981,112.0
37.378025250,116.0
37.394736519,91.0
37.411447787,99.0
37.428159056,94.0
37.444870325,106.0
37.461581594,89.0
37.478292863,89.0
37.495004132,93.0
37.511715401,104.0
37.528426670,115.0
37.545137939,97.0
37.561849208,103.0
37.578560477,112.0
37.595271746,96.0
37.611983015,110.0
37.628694284,115.0
37.645405553,101.0
37.662116822,117.0
37.678828091,105.0
37.695539360,106.0
37.712250629,93.0
37.728961898,111.0
37.745673167,100.0
37.762384436,96.0
37.779095705,97.0
37.795806974,111.0
37.812518243,91.0
37.829229512,101.0
37.845940781,96.0
37.862652050,90.0
37.879363319,99.0
37.896074588,107.0
37.912785857,110.0
37.929497126,103.0
37.946208395,95.0
37.962919664,93.0
37.979630933,109.0
37.996342202,106.0
38.013053471,96.0
38.029764740,86.0
38.046476009,96.0
38.063187278,94.0
38.079898547,83.0
38.096609816,75.0
38.113321085,94.0
38.130032354,92.0
38.146743623,93.0
38.163454892,74.0
38.180166160,76.0
38.196877429,94.0
38.213588698,86.0
38.230299967,101.0
38.247011236,90.0
38.263722505,105.0
38.280433774,102.0
38.297145043,93.0
38.313856312,84.0
38.330567581,94.0
38.347278850,92.0
38.363990119,101.0
38.380701388,106.0
38.397412657,95.0
38.414123926,85.0
38.430835195,107.0
38.447546464,90.0
38.464257733,102.0
38.480969002,100.0
38.497680271,76.0
38.514391540,101.0
38.531102809,79.0
38.547814078,100.0
38.564525347,72.0
38.581236616,95.0
38.597947885,83.0
38.614659154,117.0
38.631370423,87.0
38.648081692,86.0
38.664792961,100.0
38.681504230,80.0
38.698215499,79.0
38.714926768,104.0
38.731638037,87.0
38.748349306,93.0
38.765060575,97.0
38.781771844,92.0
38.798483113,71.0
38.815194382,104.0
38.831905651,80.0
38.848616920,93.0
38.865328189,85.0
38.882039458,84.0
38.898750727,96.0
38.915461996,75.0
38.932173265,104.0
38.948884534,75.0
38.965595802,91.0
38.982307071,97.0
38.999018340,100.0
39.015729609,94.0
39.032440878,84.0
39.049152147,96.0
39.065863416,94.0
39.082574685,88.0
39.099285954,101.0
39.115997223,90.0
39.132708492,91.0
39.149419761,79.0
39.166131030,95.0
39.182842299,104.0
39.199553568,100.0
39.216264837,96.0
39.232976106,106.0
39.249687375,82.0
39.266398644,104.0
39.283109913,91.0
39.299821182,107.0
39.316532451,103.0
39.333243720,91.0
39.349954989,78.0
39.366666258,88.0
39.383377527,110.0
39.400088796,95.0
39.416800065,68.0
39.433511334,93.0
39.450222603,89.0
39.466933872,79.0
39.483645141,87.0
39.500356410,90.0
39.517067679,95.0
39.533778948,78.0
39.550490217,107.0
39.567201486,85.0
39.583912755,99.0
39.600624024,107.0
39.617335293,99.0
39.634046562,90.0
39.650757831,100.0
39.667469100,94.0
39.684180369,96.0
39.700891638,87.0
39.717602907,102.0
39.734314175,87.0
39.751025444,102.0
39.767736713,118.0
39.784447982,101.0
39.801159251,110.0
39.817870520,101.0
39.834581789,100.0
39.851293058,126.0
39.868004327,109.0
39.884715596,97.0
39.901426865,103.0
39.918138134,103.0
39.934849403,97.0
39.951560672,93.0
39.968271941,92.0
39.984983210,107.0
40.001694479,122.0
40.018405748,120.0
40.035117017,92.0
40.051828286,104.0
40.068539555,104.0
40.085250824,110.0
40.101962093,118.0
40.118673362,117.0
40.135384631,118.0
40.152095900,132.0
40.168807169,88.0
40.185518438,119.0
40.202229707,121.0
40.218940976,126.0
40.235652245,121.0
40.252363514,90.0
40.269074783,125.0
40.285786052,135.0
40.302497321,110.0
40.319208590,109.0
40.335919859,126.0
40.352631128,96.0
40.369342397,124.0
40.386053666,123.0
40.402764935,126.0
40.419476204,121.0
40.436187473,131.0
40.452898742,91.0
40.469610011,138.0
40.486321280,123.0
40.503032549,140.0
40.519743817,103.0
40.536455086,137.0
40.553166355,137.0
40.569877624,125.0
40.586588893,108.0
40.603300162,126.0
40.620011431,138.0
40.636722700,129.0
40.653433969,142.0
40.670145238,151.0
40.686856507,144.0
40.703567776,133.0
40.720279045,121.0
40.736990314,136.0
40.753701583,137.0
40.770412852,122.0
40.787124121,143.0
40.803835390,127.0
40.820546659,158.0
40.837257928,143.0
40.853969197,148.0
40.870680466,142.0
40.887391735,127.0
40.904103004,148.0
40.920814273,145.0
40.937525542,158.0
40.954236811,165.0
40.970948080,166.0
40.987659349,164.0
41.004370618,170.0
41.021081887,176.0
41.037793156,160.0
41.054504425,161.0
41.071215694,160.0
41.087926963,172.0
41.104638232,218.0
41.121349501,180.0
41.138060770,186.0
41.154772039,177.0
41.171483308,214.0
41.188194577,215.0
41.204905846,198.0
41.221617115,238.0
41.238328384,221.0
41.255039653,222.0
41.271750922,236.0
41.288462191,232.0
41.305173459,260.0
41.321884728,288.0
41.338595997,251.0
41.355307266,247.0
41.372018535,250.0
41.388729804,258.0
41.405441073,267.0
41.422152342,285.0
41.438863611,313.0
41.455574880,337.0
41.472286149,345.0
41.488997418,316.0
41.505708687,362.0
41.522419956,329.0
41.539131225,356.0
41.555842494,377.0
41.572553763,368.0
41.589265032,366.0
41.605976301,418.0
41.622687570,445.0
41.639398839,449.0
41.656110108,453.0
41.672821377,488.0
41.689532646,461.0
41.706243915,485.0
41.722955184,509.0
41.739666453,560.0
41.756377722,553.0
41.773088991,625.0
41.789800260,644.0
41.806511529,624.0
41.823222798,695.0
41.839934067,704.0
41.856645336,721.0
41.873356605,712.0
41.890067874,764.0
41.906779143,777.0
41.923490412,808.0
41.940201681,785.0
41.956912950,843.0
41.973624219,821.0
41.990335488,870.0
42.007046757,867.0
42.023758026,909.0
42.040469295,927.0
42.057180564,973.0
42.073891832,976.0
42.090603101,1036.0
42.107314370,992.0
42.124025639,986.0
42.140736908,1025.0
42.157448177,1026.0
42.174159446,1051.0
42.190870715,969.0
42.207581984,1048.0
42.224293253,997.0
42.241004522,1081.0
42.257715791,1056.0
42.274427060,1021.0
42.291138329,1038.0
42.307849598,1033.0
42.324560867,988.0
42.341272136,998.0
42.357983405,1002.0
42.374694674,974.0
42.391405943,923.0
42.408117212,903.0
42.424828481,949.0
42.441539750,892.0
42.458251019,885.0
42.474962288,857.0
42.491673557,863.0
42.508384826,792.0
42.525096095,791.0
42.541807364,827.0
42.558518633,837.0
42.575229902,745.0
42.591941171,704.0
42.608652440,688.0
42.625363709,659.0
42.642074978,707.0
42.658786247,647.0
42.675497516,638.0
42.692208785,605.0
42.708920054,574.0
42.725631323,599.0
42.742342592,593.0
42.759053861,524.0
42.775765130,540.0
42.792476399,547.0
42.809187668,502.0
42.825898937,477.0
42.842610206,512.0
42.859321474,476.0
42.876032743,483.0
42.892744012,459.0
42.909455281,433.0
42.926166550,436.0
42.942877819,462.0
42.959589088,454.0
42.976300357,430.0
42.993011626,446.0
43.009722895,464.0
43.026434164,418.0
43.043145433,450.0
43.059856702,450.0
43.076567971,448.0
43.093279240,467.0
43.109990509,511.0
43.126701778,556.0
43.143413047,581.0
43.160124316,606.0
43.176835585,650.0
43.193546854,677.0
43.210258123,724.0
43.226969392,873.0
43.243680661,868.0
43.260391930,1063.0
43.277103199,1149.0
43.293814468,1163.0
43.310525737,1134.0
43.327237006,1135.0
43.343948275,1147.0
43.360659544,1074.0
43.377370813,1064.0
43.394082082,973.0
43.410793351,943.0
43.427504620,889.0
43.444215889,777.0
43.460927158,709.0
43.477638427,688.0
43.494349696,583.0
43.511060965,570.0
43.527772234,520.0
43.544483503,436.0
43.561194772,382.0
43.577906041,440.0
43.594617310,368.0
43.611328579,362.0
43.628039847,323.0
43.644751116,308.0
43.661462385,289.0
43.678173654,284.0
43.694884923,262.0
43.711596192,251.0
43.728307461,256.0
43.745018730,264.0
43.761729999,251.0
43.778441268,267.0
43.795152537,271.0
43.811863806,253.0
43.828575075,240.0
43.845286344,247.0
43.861997613,258.0
43.878708882,291.0
43.895420151,243.0
43.912131420,281.0
43.928842689,249.0
43.945553958,246.0
43.962265227,246.0
43.978976496,280.0
43.995687765,272.0
44.012399034,279.0
44.029110303,286.0
44.045821572,285.0
44.062532841,306.0
44.079244110,316.0
44.095955379,317.0
44.112666648,268.0
44.129377917,318.0
44.146089186,320.0
44.162800455,306.0
44.179511724,309.0
44.196222993,313.0
44.212934262,332.0
44.229645531,337.0
44.246356800,302.0
44.263068069,325.0
44.279779338,323.0
44.296490607,283.0
44.313201876,275.0
44.329913145,287.0
44.346624414,266.0
44.363335683,247.0
44.380046952,240.0
44.396758221,239.0
44.413469489,251.0
44.430180758,211.0
44.446892027,215.0
44.463603296,218.0
44.480314565,187.0
44.497025834,170.0
44.513737103,214.0
44.530448372,184.0
44.547159641,157.0
44.563870910,168.0
44.580582179,166.0
44.597293448,164.0
44.614004717,149.0
44.630715986,166.0
44.647427255,138.0
44.664138524,139.0
44.680849793,127.0
44.697561062,136.0
44.714272331,137.0
44.730983600,107.0
44.747694869,125.0
44.764406138,129.0
44.781117407,109.0
44.797828676,128.0
44.814539945,135.0
44.831251214,117.0
44.847962483,122.0
44.864673752,105.0
44.881385021,121.0
44.898096290,109.0
44.914807559,119.0
44.931518828,106.0
44.948230097,110.0
44.964941366,123.0
44.981652635,112.0
44.998363904,99.0
45.015075173,112.0
45.031786442,108.0
45.048497711,93.0
45.065208980,104.0
45.081920249,109.0
45.098631518,122.0
45.115342787,101.0
45.132054056,83.0
45.148765325,84.0
45.165476594,99.0
45.182187862,99.0
45.198899131,101.0
45.215610400,95.0
45.232321669,93.0
45.249032938,88.0
45.265744207,83.0
45.282455476,100.0
45.299166745,99.0
45.315878014,92.0
45.332589283,111.0
45.349300552,104.0
45.366011821,120.0
45.382723090,95.0
45.399434359,71.0
45.416145628,99.0
45.432856897,79.0
45.449568166,105.0
45.466279435,89.0
45.482990704,92.0
45.499701973,93.0
45.516413242,105.0
45.533124511,89.0
45.549835780,103.0
45.566547049,100.0
45.583258318,75.0
45.599969587,83.0
45.616680856,74.0
45.633392125,87.0
45.650103394,110.0
45.666814663,71.0
45.683525932,86.0
45.700237201,70.0
45.716948470,84.0
45.733659739,84.0
45.750371008,90.0
45.767082277,72.0
45.783793546,88.0
45.800504815,93.0
45.817216084,84.0
45.833927353,85.0
45.850638622,76.0
45.867349891,92.0
45.884061160,101.0
45.900772429,90.0
45.917483698,84.0
45.934194967,94.0
45.950906236,85.0
45.967617504,78.0
45.984328773,74.0
46.001040042,79.0
46.017751311,92.0
46.034462580,78.0
46.051173849,99.0
46.067885118,82.0
46.084596387,96.0
46.101307656,88.0
46.118018925,88.0
46.134730194,95.0
46.151441463,78.0
46.168152732,77.0
46.184864001,89.0
46.201575270,101.0
46.218286539,104.0
46.234997808,91.0
46.251709077,62.0
46.268420346,85.0
46.285131615,72.0
46.301842884,72.0
46.318554153,101.0
46.335265422,88.0
46.351976691,90.0
46.368687960,78.0
46.385399229,95.0
46.402110498,84.0
46.418821767,78.0
46.435533036,86.0
46.452244305,84.0
46.468955574,95.0
46.485666843,88.0
46.502378112,84.0
46.519089381,104.0
46.535800650,79.0
46.552511919,66.0
46.569223188,77.0
46.585934457,66.0
46.602645726,85.0
46.619356995,79.0
46.636068264,73.0
46.652779533,77.0
46.669490802,68.0
46.686202071,85.0
46.702913340,76.0
46.719624609,83.0
46.736335877,78.0
46.753047146,84.0
46.769758415,89.0
46.786469684,82.0
46.803180953,83.0
46.819892222,68.0
46.836603491,77.0
46.853314760,103.0
46.870026029,84.0
46.886737298,63.0
46.903448567,75.0
46.920159836,92.0
46.936871105,83.0
46.953582374,67.0
46.970293643,75.0
46.987004912,83.0
47.003716181,85.0
47.020427450,76.0
47.037138719,89.0
47.053849988,73.0
47.070561257,63.0
47.087272526,100.0
47.103983795,79.0
47.120695064,69.0
47.137406333,94.0
47.154117602,74.0
47.170828871,89.0
47.187540140,93.0
47.204251409,76.0
47.220962678,73.0
47.237673947,69.0
47.254385216,79.0
47.271096485,71.0
47.287807754,72.0
47.304519023,86.0
47.321230292,74.0
47.337941561,75.0
47.354652830,84.0
47.371364099,89.0
47.388075368,86.0
47.404786637,84.0
47.421497906,78.0
47.438209175,77.0
47.454920444,80.0
47.471631713,64.0
47.488342982,68.0
47.505054251,70.0
47.521765519,78.0
47.538476788,64.0
47.555188057,72.0
47.571899326,80.0
47.588610595,96.0
47.605321864,71.0
47.622033133,63.0
47.638744402,66.0
47.655455671,56.0
47.672166940,63.0
47.688878209,82.0
47.705589478,92.0
47.722300747,83.0
47.739012016,71.0
47.755723285,63.0
47.772434554,89.0
47.789145823,74.0
47.805857092,88.0
47.822568361,67.0
47.839279630,79.0
47.855990899,94.0
47.872702168,96.0
47.889413437,78.0
47.906124706,58.0
47.922835975,61.0
47.939547244,85.0
47.956258513,78.0
47.972969782,77.0
47.989681051,92.0
48.006392320,83.0
48.023103589,88.0
48.039814858,94.0
48.056526127,73.0
48.073237396,71.0
48.089948665,75.0
48.106659934,87.0
48.123371203,93.0
48.140082472,91.0
48.156793741,56.0
48.173505010,91.0
48.190216279,78.0
48.206927548,90.0
48.223638817,60.0
48.240350086,83.0
48.257061355,75.0
48.273772624,76.0
48.290483893,78.0
48.307195161,77.0
48.323906430,70.0
48.340617699,79.0
48.357328968,74.0
48.374040237,62.0
48.390751506,74.0
48.407462775,106.0
48.424174044,74.0
48.440885313,86.0
48.457596582,93.0
48.474307851,60.0
48.491019120,72.0
48.507730389,82.0
48.524441658,75.0
48.541152927,96.0
48.557864196,94.0
48.574575465,74.0
48.591286734,78.0
48.607998003,75.0
48.624709272,68.0
48.641420541,85.0
48.658131810,79.0
48.674843079,72.0
48.691554348,91.0
48.708265617,89.0
48.724976886,77.0
48.741688155,94.0
48.758399424,88.0
48.775110693,88.0
48.791821962,73.0
48.808533231,67.0
48.825244500,100.0
48.841955769,93.0
48.858667038,84.0
48.875378307,79.0
48.892089576,80.0
48.908800845,101.0
48.925512114,107.0
48.942223383,82.0
48.958934652,90.0
48.975645921,109.0
48.992357190,83.0
49.009068459,77.0
49.025779728,85.0
49.042490997,69.0
49.059202266,83.0
49.075913534,88.0
49.092624803,82.0
49.109336072,78.0
49.126047341,87.0
49.142758610,83.0
49.159469879,87.0
49.176181148,91.0
49.192892417,92.0
49.209603686,92.0
49.226314955,91.0
49.243026224,87.0
49.259737493,108.0
49.276448762,83.0
49.293160031,92.0
49.309871300,105.0
49.326582569,89.0
49.343293838,80.0
49.360005107,85.0
49.376716376,91.0
49.393427645,101.0
49.410138914,100.0
49.426850183,95.0
49.443561452,110.0
49.460272721,88.0
49.476983990,110.0
49.493695259,96.0
49.510406528,103.0
49.527117797,88.0
49.543829066,89.0
49.560540335,96.0
49.577251604,92.0
49.593962873,112.0
49.610674142,101.0
49.627385411,91.0
49.644096680,108.0
49.660807949,96.0
49.677519218,94.0
49.694230487,102.0
49.710941756,116.0
49.727653025,111.0
49.744364294,122.0
49.761075563,108.0
49.777786832,137.0
49.794498101,146.0
49.811209370,125.0
49.827920639,116.0
49.844631908,139.0
49.861343176,129.0
49.878054445,137.0
49.894765714,137.0
49.911476983,135.0
49.928188252,120.0
49.944899521,160.0
49.961610790,148.0
49.978322059,192.0
49.995033328,139.0
50.011744597,164.0
50.028455866,174.0
50.045167135,185.0
50.061878404,197.0
50.078589673,213.0
50.095300942,231.0
50.112012211,231.0
50.128723480,236.0
50.145434749,257.0
50.162146018,239.0
50.178857287,303.0
50.195568556,301.0
50.212279825,307.0
50.228991094,325.0
50.245702363,358.0
50.262413632,369.0
50.279124901,412.0
50.295836170,448.0
50.312547439,465.0
50.329258708,532.0
50.345969977,563.0
50.362681246,568.0
50.379392515,626.0
50.396103784,616.0
50.412815053,611.0
50.429526322,649.0
50.446237591,597.0
50.462948860,514.0
50.479660129,575.0
50.496371398,500.0
50.513082667,508.0
50.529793936,448.0
50.546505205,466.0
50.563216474,412.0
50.579927743,380.0
50.596639012,353.0
50.613350281,300.0
50.630061549,266.0
50.646772818,280.0
50.663484087,225.0
50.680195356,262.0
50.696906625,206.0
50.713617894,177.0
50.730329163,167.0
50.747040432,158.0
50.763751701,156.0
50.780462970,149.0
50.797174239,128.0
50.813885508,113.0
50.830596777,123.0
50.847308046,131.0
50.864019315,128.0
50.880730584,123.0
50.897441853,93.0
50.914153122,121.0
50.930864391,127.0
50.947575660,97.0
50.964286929,91.0
50.980998198,115.0
50.997709467,107.0
51.014420736,119.0
51.031132005,120.0
51.047843274,75.0
51.064554543,102.0
51.081265812,97.0
51.097977081,87.0
51.114688350,94.0
51.131399619,82.0
51.148110888,82.0
51.164822157,91.0
51.181533426,76.0
51.198244695,88.0
51.214955964,88.0
51.231667233,87.0
51.248378502,80.0
51.265089771,105.0
51.281801040,70.0
51.298512309,84.0
51.315223578,80.0
51.331934847,73.0
51.348646116,91.0
51.365357385,79.0
51.382068654,90.0
51.398779923,83.0
51.415491191,75.0
51.432202460,80.0
51.448913729,77.0
51.465624998,95.0
51.482336267,75.0
51.499047536,92.0
51.515758805,61.0
51.532470074,80.0
51.549181343,84.0
51.565892612,79.0
51.582603881,79.0
51.599315150,64.0
51.616026419,75.0
51.632737688,93.0
51.649448957,78.0
51.666160226,83.0
51.682871495,70.0
51.699582764,53.0
51.716294033,80.0
51.733005302,86.0
51.749716571,75.0
51.766427840,59.0
51.783139109,79.0
51.799850378,71.0
51.816561647,80.0
51.833272916,58.0
51.849984185,78.0
51.866695454,67.0
51.883406723,61.0
51.900117992,47.0
51.916829261,50.0
51.933540530,76.0
51.950251799,78.0
51.966963068,63.0
51.983674337,74.0
52.000385606,72.0
52.017096875,72.0
52.033808144,77.0
52.050519413,76.0
52.067230682,75.0
52.083941951,75.0
52.100653220,57.0
52.117364489,62.0
52.134075758,68.0
52.150787027,79.0
52.167498296,64.0
52.184209564,76.0
52.200920833,78.0
52.217632102,76.0
52.234343371,73.0
52.251054640,77.0
52.267765909,71.0
52.284477178,76.0
52.301188447,84.0
52.317899716,51.0
52.334610985,72.0
52.351322254,62.0
52.368033523,72.0
52.384744792,74.0
52.401456061,80.0
52.418167330,78.0
52.434878599,69.0
52.451589868,60.0
52.468301137,71.0
52.485012406,85.0
52.501723675,62.0
52.518434944,68.0
52.535146213,75.0
52.551857482,64.0
52.568568751,75.0
52.585280020,60.0
52.601991289,69.0
52.618702558,71.0
52.635413827,63.0
52.652125096,67.0
52.668836365,47.0
52.685547634,66.0
52.702258903,87.0
52.718970172,93.0
52.735681441,61.0
52.752392710,67.0
52.769103979,63.0
52.785815248,72.0
52.802526517,76.0
52.819237786,67.0
52.835949055,60.0
52.852660324,74.0
52.869371593,58.0
52.886082862,64.0
52.902794131,72.0
52.919505400,74.0
52.936216669,69.0
52.952927938,68.0
52.969639206,90.0
52.986350475,70.0
53.003061744,61.0
53.019773013,84.0
53.036484282,90.0
53.053195551,73.0
53.069906820,78.0
53.086618089,50.0
53.103329358,58.0
53.120040627,76.0
53.136751896,76.0
53.153463165,64.0
53.170174434,70.0
53.186885703,70.0
53.203596972,68.0
53.220308241,78.0
53.237019510,64.0
53.253730779,66.0
53.270442048,66.0
53.287153317,73.0
53.303864586,76.0
53.320575855,60.0
53.337287124,76.0
53.353998393,77.0
53.370709662,89.0
53.387420931,62.0
53.404132200,67.0
53.420843469,70.0
53.437554738,62.0
53.454266007,64.0
53.470977276,78.0
53.487688545,61.0
53.504399814,84.0
53.521111083,69.0
53.537822352,64.0
53.554533621,73.0
53.571244890,77.0
53.587956159,66.0
53.604667428,73.0
53.621378697,83.0
53.638089966,61.0
53.654801235,74.0
53.671512504,74.0
53.688223773,62.0
53.704935042,62.0
53.721646311,84.0
53.738357579,55.0
53.755068848,69.0
53.771780117,72.0
53.788491386,60.0
53.805202655,63.0
53.821913924,72.0
53.838625193,69.0
53.855336462,64.0
53.872047731,67.0
53.888759000,88.0
53.905470269,70.0
53.922181538,55.0
53.938892807,88.0
53.955604076,61.0
53.972315345,64.0
53.989026614,61.0
54.005737883,56.0
54.022449152,69.0
54.039160421,63.0
54.055871690,70.0
54.072582959,78.0
54.089294228,69.0
54.106005497,61.0
54.122716766,67.0
54.139428035,77.0
54.156139304,71.0
54.172850573,74.0
54.189561842,69.0
54.206273111,80.0
54.222984380,64.0
54.239695649,72.0
54.256406918,71.0
54.273118187,72.0
54.289829456,70.0
54.306540725,70.0
54.323251994,61.0
54.339963263,73.0
54.356674532,66.0
54.373385801,96.0
54.390097070,91.0
54.406808339,76.0
54.423519608,59.0
54.440230877,74.0
54.456942146,88.0
54.473653415,80.0
54.490364684,68.0
54.507075953,99.0
54.523787221,68.0
54.540498490,71.0
54.557209759,68.0
54.573921028,67.0
54.590632297,72.0
54.607343566,76.0
54.624054835,82.0
54.640766104,74.0
54.657477373,63.0
54.674188642,78.0
54.690899911,73.0
54.707611180,74.0
54.724322449,71.0
54.741033718,61.0
54.757744987,64.0
54.774456256,84.0
54.791167525,79.0
54.807878794,68.0
54.824590063,79.0
54.841301332,79.0
54.858012601,68.0
54.874723870,91.0
54.891435139,76.0
54.908146408,62.0
54.924857677,63.0
54.941568946,61.0
54.958280215,62.0
54.974991484,68.0
54.991702753,87.0
55.008414022,62.0
55.025125291,66.0
55.041836560,52.0
55.058547829,66.0
55.075259098,57.0
55.091970367,68.0
55.108681636,85.0
55.125392905,56.0
55.142104174,70.0
55.158815443,80.0
55.175526712,62.0
55.192237981,83.0
55.208949250,69.0
55.225660519,64.0
55.242371788,77.0
55.259083057,77.0
55.275794326,77.0
55.292505595,69.0
55.309216863,76.0
55.325928132,63.0
55.342639401,78.0
55.359350670,73.0
55.376061939,77.0
55.392773208,62.0
55.409484477,67.0
55.426195746,74.0
55.442907015,67.0
55.459618284,67.0
55.476329553,86.0
55.493040822,82.0
55.509752091,71.0
55.526463360,64.0
55.543174629,60.0
55.559885898,83.0
55.576597167,63.0
55.593308436,72.0
55.610019705,82.0
55.626730974,69.0
55.643442243,62.0
55.660153512,82.0
55.676864781,69.0
55.693576050,46.0
55.710287319,72.0
55.726998588,69.0
55.743709857,75.0
55.760421126,74.0
55.777132395,74.0
55.793843664,68.0
55.810554933,71.0
55.827266202,77.0
55.843977471,74.0
55.860688740,75.0
55.877400009,60.0
55.894111278,72.0
55.910822547,68.0
55.927533816,62.0
55.944245085,69.0
55.960956354,56.0
55.977667623,70.0
55.994378892,75.0
56.011090161,64.0
56.027801430,77.0
56.044512699,82.0
56.061223968,97.0
56.077935236,75.0
56.094646505,56.0
56.111357774,70.0
56.128069043,75.0
56.144780312,78.0
56.161491581,75.0
56.178202850,74.0
56.194914119,85.0
56.211625388,66.0
56.228336657,93.0
56.245047926,74.0
56.261759195,63.0
56.278470464,90.0
56.295181733,72.0
56.311893002,72.0
56.328604271,64.0
56.345315540,74.0
56.362026809,78.0
56.378738078,70.0
56.395449347,66.0
56.412160616,57.0
56.428871885,71.0
56.445583154,67.0
56.462294423,86.0
56.479005692,57.0
56.495716961,77.0
56.512428230,64.0
56.529139499,94.0
56.545850768,62.0
56.562562037,76.0
56.579273306,94.0
56.595984575,84.0
56.612695844,74.0
56.629407113,76.0
56.646118382,79.0
56.662829651,88.0
56.679540920,59.0
56.696252189,70.0
56.712963458,57.0
56.729674727,75.0
56.746385996,93.0
56.763097265,83.0
56.779808534,87.0
56.796519803,83.0
56.813231072,100.0
56.829942341,87.0
56.846653610,89.0
56.863364878,94.0
56.880076147,86.0
56.896787416,90.0
56.913498685,84.0
56.930209954,80.0
56.946921223,83.0
56.963632492,102.0
56.980343761,95.0
56.997055030,82.0
57.013766299,84.0
57.030477568,70.0
57.047188837,90.0
57.063900106,82.0
57.080611375,76.0
57.097322644,68.0
57.114033913,88.0
57.130745182,77.0
57.147456451,85.0
57.164167720,99.0
57.180878989,72.0
57.197590258,86.0
57.214301527,76.0
57.231012796,88.0
57.247724065,90.0
57.264435334,80.0
57.281146603,97.0
57.297857872,85.0
57.314569141,85.0
57.331280410,100.0
57.347991679,82.0
57.364702948,79.0
57.381414217,61.0
57.398125486,89.0
57.414836755,88.0
57.431548024,84.0
57.448259293,92.0
57.464970562,88.0
57.481681831,82.0
57.498393100,102.0
57.515104369,88.0
57.531815638,100.0
57.548526907,95.0
57.565238176,83.0
57.581949445,91.0
57.598660714,88.0
57.615371983,96.0
57.632083251,91.0
57.648794520,87.0
57.665505789,89.0
57.682217058,69.0
57.698928327,86.0
57.715639596,87.0
57.732350865,83.0
57.749062134,89.0
57.765773403,90.0
57.782484672,108.0
57.799195941,97.0
57.815907210,82.0
57.832618479,122.0
57.849329748,92.0
57.866041017,101.0
57.882752286,111.0
57.899463555,91.0
57.916174824,109.0
57.932886093,89.0
57.949597362,99.0
57.966308631,110.0
57.983019900,83.0
57.999731169,93.0
58.016442438,85.0
58.033153707,104.0
58.049864976,94.0
58.066576245,88.0
58.083287514,125.0
58.099998783,112.0
58.116710052,113.0
58.133421321,88.0
58.150132590,94.0
58.166843859,101.0
58.183555128,108.0
58.200266397,115.0
58.216977666,106.0
58.233688935,104.0
58.250400204,128.0
58.267111473,88.0
58.283822742,104.0
58.300534011,92.0
58.317245280,86.0
58.333956549,131.0
58.350667818,109.0
58.367379087,118.0
58.384090356,108.0
58.400801625,132.0
58.417512893,124.0
58.434224162,116.0
58.450935431,123.0
58.467646700,120.0
58.484357969,121.0
58.501069238,112.0
58.517780507,122.0
58.534491776,102.0
58.551203045,112.0
58.567914314,120.0
58.584625583,119.0
58.601336852,126.0
58.618048121,119.0
58.634759390,129.0
58.651470659,150.0
58.668181928,131.0
58.684893197,116.0
58.701604466,133.0
58.718315735,113.0
58.735027004,125.0
58.751738273,136.0
58.768449542,155.0
58.785160811,149.0
58.801872080,142.0
58.818583349,113.0
58.835294618,145.0
58.852005887,137.0
58.868717156,131.0
58.885428425,131.0
58.902139694,134.0
58.918850963,141.0
58.935562232,154.0
58.952273501,143.0
58.968984770,132.0
58.985696039,138.0
59.002407308,143.0
59.019118577,174.0
59.035829846,170.0
59.052541115,167.0
59.069252384,164.0
59.085963653,197.0
59.102674922,169.0
59.119386191,171.0
59.136097460,173.0
59.152808729,158.0
59.169519998,183.0
59.186231266,182.0
59.202942535,159.0
59.219653804,181.0
59.236365073,204.0
59.253076342,168.0
59.269787611,165.0
59.286498880,169.0
59.303210149,177.0
59.319921418,216.0
59.336632687,185.0
59.353343956,221.0
59.370055225,193.0
59.386766494,222.0
59.403477763,207.0
59.420189032,208.0
59.436900301,211.0
59.453611570,202.0
59.470322839,249.0
59.487034108,239.0
59.503745377,222.0
59.520456646,239.0
59.537167915,224.0
59.553879184,223.0
59.570590453,263.0
59.587301722,255.0
59.604012991,242.0
59.620724260,278.0
59.637435529,249.0
59.654146798,265.0
59.670858067,264.0
59.687569336,283.0
59.704280605,290.0
59.720991874,265.0
59.737703143,297.0
59.754414412,282.0
59.771125681,308.0
59.787836950,305.0
59.804548219,291.0
59.821259488,311.0
59.837970757,307.0
59.854682026,299.0
59.871393295,276.0
59.888104564,328.0
59.904815833,331.0
59.921527102,383.0
59.938238371,344.0
59.954949640,354.0
59.971660908,358.0
59.988372177,370.0
60.005083446,382.0
60.021794715,383.0
60.038505984,416.0
60.055217253,403.0
60.071928522,400.0
60.088639791,378.0
60.105351060,450.0
60.122062329,459.0
60.138773598,458.0
60.155484867,455.0
60.172196136,395.0
60.188907405,495.0
60.205618674,444.0
60.222329943,474.0
60.239041212,464.0
60.255752481,502.0
60.272463750,520.0
60.289175019,542.0
60.305886288,499.0
60.322597557,492.0
60.339308826,556.0
60.356020095,534.0
60.372731364,546.0
60.389442633,574.0
60.406153902,609.0
60.422865171,643.0
60.439576440,582.0
60.456287709,641.0
60.472998978,660.0
60.489710247,639.0
60.506421516,651.0
60.523132785,692.0
60.539844054,663.0
60.556555323,668.0
60.573266592,729.0
60.589977861,707.0
60.606689130,755.0
60.623400399,711.0
60.640111668,761.0
60.656822937,733.0
60.673534206,768.0
60.690245475,752.0
60.706956744,826.0
60.723668013,761.0
60.740379281,894.0
60.757090550,835.0
60.773801819,836.0
60.790513088,848.0
60.807224357,885.0
60.823935626,906.0
60.840646895,868.0
60.857358164,881.0
60.874069433,932.0
60.890780702,934.0
60.907491971,969.0
60.924203240,915.0
60.940914509,966.0
60.957625778,960.0
60.974337047,1000.0
60.991048316,1019.0
61.007759585,1048.0
61.024470854,994.0
61.041182123,1030.0
61.057893392,1041.0
61.074604661,1067.0
61.091315930,1053.0
61.108027199,1088.0
61.124738468,1031.0
61.141449737,1014.0
61.158161006,1103.0
61.174872275,1088.0
61.191583544,1087.0
61.208294813,1039.0
61.225006082,1062.0
61.241717351,1087.0
61.258428620,1077.0
61.275139889,1092.0
61.291851158,1092.0
61.308562427,1084.0
61.325273696,1022.0
61.341984965,1051.0
61.358696234,1015.0
61.375407503,1072.0
61.392118772,1021.0
61.408830041,1073.0
61.425541310,1020.0
61.442252579,1040.0
61.458963848,1051.0
61.475675117,1001.0
61.492386386,989.0
61.509097655,1007.0
61.525808923,986.0
61.542520192,1013.0
61.559231461,1018.0
61.575942730,1008.0
61.592653999,967.0
61.609365268,992.0
61.626076537,940.0
61.642787806,905.0
61.659499075,923.0
61.676210344,874.0
61.692921613,896.0
61.709632882,832.0
61.726344151,872.0
61.743055420,817.0
61.759766689,811.0
61.776477958,807.0
61.793189227,732.0
61.809900496,807.0
61.826611765,755.0
61.843323034,739.0
61.860034303,706.0
61.876745572,727.0
61.893456841,714.0
61.910168110,715.0
61.926879379,657.0
61.943590648,624.0
61.960301917,643.0
61.977013186,585.0
61.993724455,645.0
62.010435724,593.0
62.027146993,576.0
62.043858262,562.0
62.060569531,545.0
62.077280800,558.0
62.093992069,517.0
62.110703338,505.0
62.127414607,536.0
62.144125876,484.0
62.160837145,498.0
62.177548414,491.0
62.194259683,486.0
62.210970952,503.0
62.227682221,459.0
62.244393490,435.0
62.261104759,429.0
62.277816028,450.0
62.294527297,396.0
62.311238565,419.0
62.327949834,436.0
62.344661103,383.0
62.361372372,351.0
62.378083641,358.0
62.394794910,351.0
62.411506179,353.0
62.428217448,336.0
62.444928717,363.0
62.461639986,321.0
62.478351255,342.0
62.495062524,325.0
62.511773793,292.0
62.528485062,329.0
62.545196331,303.0
62.561907600,314.0
62.578618869,287.0
62.595330138,308.0
62.612041407,297.0
62.628752676,270.0
62.645463945,288.0
62.662175214,250.0
62.678886483,260.0
62.695597752,257.0
62.712309021,258.0
62.729020290,268.0
62.745731559,248.0
62.762442828,233.0
62.779154097,241.0
62.795865366,262.0
62.812576635,251.0
62.829287904,223.0
62.845999173,239.0
62.862710442,217.0
62.879421711,202.0
62.896132980,221.0
62.912844249,211.0
62.929555518,186.0
62.946266787,213.0
62.962978056,194.0
62.979689325,198.0
62.996400594,177.0
63.013111863,184.0
63.029823132,201.0
63.046534401,160.0
63.063245670,195.0
63.079956938,194.0
63.096668207,185.0
63.113379476,185.0
63.130090745,169.0
63.146802014,165.0
63.163513283,166.0
63.180224552,138.0
63.196935821,158.0
63.213647090,168.0
63.230358359,178.0
63.247069628,182.0
63.263780897,162.0
63.280492166,141.0
63.297203435,167.0
63.313914704,161.0
63.330625973,161.0
63.347337242,151.0
63.364048511,148.0
63.380759780,148.0
63.397471049,156.0
63.414182318,126.0
63.430893587,135.0
63.447604856,152.0
63.464316125,120.0
63.481027394,143.0
63.497738663,143.0
63.514449932,141.0
63.531161201,142.0
63.547872470,129.0
63.564583739,127.0
63.581295008,136.0
63.598006277,125.0
63.614717546,135.0
63.631428815,148.0
63.648140084,118.0
63.664851353,148.0
63.681562622,136.0
63.698273891,103.0
63.714985160,128.0
63.731696429,122.0
63.748407698,107.0
63.765118967,133.0
63.781830236,118.0
63.798541505,140.0
63.815252774,104.0
63.831964043,121.0
63.848675312,134.0
63.865386580,121.0
63.882097849,117.0
63.898809118,134.0
63.915520387,132.0
63.932231656,103.0
63.948942925,104.0
63.965654194,118.0
63.982365463,122.0
63.999076732,125.0
64.015788001,104.0
64.032499270,103.0
64.049210539,115.0
64.065921808,115.0
64.082633077,111.0
64.099344346,109.0
64.116055615,127.0
64.132766884,79.0
64.149478153,99.0
64.166189422,109.0
64.182900691,104.0
64.199611960,104.0
64.216323229,106.0
64.233034498,92.0
64.249745767,97.0
64.266457036,121.0
64.283168305,93.0
64.299879574,95.0
64.316590843,104.0
64.333302112,119.0
64.350013381,87.0
64.366724650,97.0
64.383435919,82.0
64.400147188,113.0
64.416858457,112.0
64.433569726,95.0
64.450280995,96.0
64.466992264,100.0
64.483703533,89.0
64.500414802,103.0
64.517126071,84.0
64.533837340,92.0
64.550548609,110.0
64.567259878,88.0
64.583971147,93.0
64.600682416,101.0
64.617393685,103.0
64.634104953,86.0
64.650816222,101.0
64.667527491,85.0
64.684238760,101.0
64.700950029,92.0
64.717661298,100.0
64.734372567,96.0
64.751083836,95.0
64.767795105,93.0
64.784506374,92.0
64.801217643,92.0
64.817928912,89.0
64.834640181,71.0
64.851351450,92.0
64.868062719,60.0
64.884773988,93.0
64.901485257,94.0
64.918196526,74.0
64.934907795,78.0
64.951619064,101.0
64.968330333,77.0
64.985041602,82.0
65.001752871,100.0
65.018464140,79.0
65.035175409,66.0
65.051886678,71.0
65.068597947,82.0
65.085309216,69.0
65.102020485,110.0
65.118731754,86.0
65.135443023,86.0
65.152154292,83.0
65.168865561,88.0
65.185576830,70.0
65.202288099,89.0
65.218999368,93.0
65.235710637,83.0
65.252421906,83.0
65.269133175,78.0
65.285844444,79.0
65.302555713,84.0
65.319266982,75.0
65.335978251,86.0
65.352689520,69.0
65.369400789,71.0
65.386112058,86.0
65.402823327,91.0
65.419534595,83.0
65.436245864,94.0
65.452957133,85.0
65.469668402,78.0
65.486379671,62.0
65.503090940,74.0
65.519802209,72.0
65.536513478,72.0
65.553224747,77.0
65.569936016,80.0
65.586647285,74.0
65.603358554,72.0
65.620069823,74.0
65.636781092,83.0
65.653492361,68.0
65.670203630,89.0
65.686914899,74.0
65.703626168,96.0
65.720337437,94.0
65.737048706,82.0
65.753759975,75.0
65.770471244,88.0
65.787182513,70.0
65.803893782,78.0
65.820605051,75.0
65.837316320,75.0
65.854027589,68.0
65.870738858,88.0
65.887450127,72.0
65.904161396,80.0
65.920872665,83.0
65.937583934,79.0
65.954295203,75.0
65.971006472,68.0
65.987717741,69.0
66.004429010,66.0
66.021140279,71.0
66.037851548,82.0
66.054562817,84.0
66.071274086,91.0
66.087985355,82.0
66.104696624,74.0
66.121407893,86.0
66.138119162,75.0
66.154830431,82.0
66.171541700,73.0
66.188252968,69.0
66.204964237,76.0
66.221675506,87.0
66.238386775,74.0
66.255098044,76.0
66.271809313,91.0
66.288520582,73.0
66.305231851,79.0
66.321943120,73.0
66.338654389,60.0
66.355365658,70.0
66.372076927,76.0
66.388788196,68.0
66.405499465,83.0
66.422210734,69.0
66.438922003,74.0
66.455633272,74.0
66.472344541,48.0
66.489055810,73.0
66.505767079,74.0
66.522478348,76.0
66.539189617,76.0
66.555900886,64.0
66.572612155,94.0
66.589323424,96.0
66.606034693,67.0
66.622745962,79.0
66.639457231,70.0
66.656168500,68.0
66.672879769,71.0
66.689591038,80.0
66.706302307,83.0
66.723013576,80.0
66.739724845,80.0
66.756436114,67.0
66.773147383,68.0
66.789858652,76.0
66.806569921,72.0
66.823281190,64.0
66.839992459,71.0
66.856703728,76.0
66.873414997,67.0
66.890126266,63.0
66.906837535,82.0
66.923548804,77.0
66.940260073,75.0
66.956971342,59.0
66.973682610,78.0
66.990393879,72.0
67.007105148,69.0
67.023816417,66.0
67.040527686,77.0
67.057238955,74.0
67.073950224,63.0
67.090661493,60.0
67.107372762,56.0
67.124084031,60.0
67.140795300,72.0
67.157506569,64.0
67.174217838,54.0
67.190929107,72.0
67.207640376,57.0
67.224351645,56.0
67.241062914,71.0
67.257774183,80.0
67.274485452,67.0
67.291196721,71.0
67.307907990,53.0
67.324619259,79.0
67.341330528,78.0
67.358041797,68.0
67.374753066,61.0
67.391464335,51.0
67.408175604,70.0
67.424886873,63.0
67.441598142,67.0
67.458309411,69.0
67.475020680,60.0
67.491731949,64.0
67.508443218,61.0
67.525154487,72.0
67.541865756,74.0
67.558577025,69.0
67.575288294,70.0
67.591999563,64.0
67.608710832,71.0
67.625422101,62.0
67.642133370,72.0
67.658844639,74.0
67.675555908,68.0
67.692267177,50.0
67.708978446,62.0
67.725689715,82.0
67.742400983,88.0
67.759112252,56.0
67.775823521,71.0
67.792534790,70.0
67.809246059,60.0
67.825957328,51.0
67.842668597,60.0
67.859379866,83.0
67.876091135,63.0
67.892802404,62.0
67.909513673,66.0
67.926224942,68.0
67.942936211,86.0
67.959647480,52.0
67.976358749,73.0
67.993070018,61.0
68.009781287,87.0
68.026492556,67.0
68.043203825,74.0
68.059915094,70.0
68.076626363,77.0
68.093337632,71.0
68.110048901,72.0
68.126760170,82.0
68.143471439,66.0
68.160182708,63.0
68.176893977,70.0
68.193605246,63.0
68.210316515,69.0
68.227027784,68.0
68.243739053,68.0
68.260450322,57.0
68.277161591,73.0
68.293872860,69.0
68.310584129,84.0
68.327295398,69.0
68.344006667,66.0
68.360717936,55.0
68.377429205,67.0
68.394140474,63.0
68.410851743,75.0
68.427563012,59.0
68.444274281,74.0
68.460985550,67.0
68.477696819,77.0
68.494408088,61.0
68.511119357,76.0
68.527830625,70.0
68.544541894,70.0
68.561253163,89.0
68.577964432,62.0
68.594675701,59.0
68.611386970,63.0
68.628098239,71.0
68.644809508,71.0
68.661520777,53.0
68.678232046,59.0
68.694943315,70.0
68.711654584,71.0
68.728365853,63.0
68.745077122,68.0
68.761788391,70.0
68.778499660,66.0
68.795210929,55.0
68.811922198,68.0
68.828633467,57.0
68.845344736,60.0
68.862056005,70.0
68.878767274,69.0
68.895478543,89.0
68.912189812,61.0
68.928901081,78.0
68.945612350,66.0
68.962323619,75.0
68.979034888,68.0
68.995746157,69.0
69.012457426,75.0
69.029168695,67.0
69.045879964,77.0
69.062591233,74.0
69.079302502,80.0
69.096013771,63.0
69.112725040,82.0
69.129436309,76.0
69.146147578,64.0
69.162858847,76.0
69.179570116,66.0
69.196281385,75.0
69.212992654,63.0
69.229703923,76.0
69.246415192,92.0
69.263126461,61.0
69.279837730,69.0
69.296548999,53.0
69.313260267,63.0
69.329971536,75.0
69.346682805,68.0
69.363394074,58.0
69.380105343,61.0
69.396816612,68.0
69.413527881,76.0
69.430239150,90.0
69.446950419,72.0
69.463661688,62.0
69.480372957,73.0
69.497084226,56.0
69.513795495,58.0
69.530506764,75.0
69.547218033,60.0
69.563929302,67.0
69.580640571,69.0
69.597351840,84.0
69.614063109,64.0
69.630774378,73.0
69.647485647,75.0
69.664196916,68.0
69.680908185,58.0
69.697619454,59.0
69.714330723,77.0
69.731041992,83.0
69.747753261,71.0
69.764464530,73.0
69.781175799,73.0
69.797887068,74.0
69.814598337,84.0
69.831309606,56.0
69.848020875,72.0
69.864732144,66.0
69.881443413,82.0
69.898154682,76.0
69.914865951,62.0
69.931577220,76.0
69.948288489,68.0
69.964999758,74.0
69.981711027,76.0
69.998422296,62.0
70.015133565,64.0
70.031844834,67.0
70.048556103,75.0
70.065267372,85.0
70.081978640,73.0
70.098689909,72.0
70.115401178,76.0
70.132112447,85.0
70.148823716,69.0
70.165534985,87.0
70.182246254,62.0
70.198957523,68.0
70.215668792,84.0
70.232380061,70.0
70.249091330,64.0
70.265802599,67.0
70.282513868,72.0
70.299225137,103.0
70.315936406,79.0
70.332647675,86.0
70.349358944,78.0
70.366070213,77.0
70.382781482,71.0
70.399492751,75.0
70.416204020,86.0
70.432915289,83.0
70.449626558,79.0
70.466337827,73.0
70.483049096,89.0
70.499760365,70.0
70.516471634,105.0
70.533182903,88.0
70.549894172,80.0
70.566605441,85.0
70.583316710,99.0
70.600027979,96.0
70.616739248,95.0
70.633450517,96.0
70.650161786,87.0
70.666873055,117.0
70.683584324,112.0
70.700295593,115.0
70.717006862,118.0
70.733718131,96.0
70.750429400,109.0
70.767140669,110.0
70.783851938,100.0
70.800563207,85.0
70.817274476,99.0
70.833985745,96.0
70.850697014,83.0
70.867408282,100.0
70.884119551,90.0
70.900830820,73.0
70.917542089,74.0
70.934253358,108.0
70.950964627,85.0
70.967675896,104.0
70.984387165,85.0
71.001098434,94.0
71.017809703,92.0
71.034520972,102.0
71.051232241,78.0
71.067943510,93.0
71.084654779,78.0
71.101366048,72.0
71.118077317,84.0
71.134788586,100.0
71.151499855,76.0
71.168211124,66.0
71.184922393,92.0
71.201633662,80.0
71.218344931,79.0
71.235056200,88.0
71.251767469,95.0
71.268478738,88.0
71.285190007,85.0
71.301901276,101.0
71.318612545,107.0
71.335323814,88.0
71.352035083,90.0
71.368746352,85.0
71.385457621,107.0
71.402168890,87.0
71.418880159,103.0
71.435591428,95.0
71.452302697,94.0
71.469013966,74.0
71.485725235,100.0
71.502436504,90.0
71.519147773,94.0
71.535859042,97.0
71.552570311,95.0
71.569281580,95.0
71.585992849,105.0
71.602704118,82.0
71.619415387,75.0
71.636126655,80.0
71.652837924,102.0
71.669549193,79.0
71.686260462,80.0
71.702971731,82.0
71.719683000,83.0
71.736394269,94.0
71.753105538,87.0
71.769816807,90.0
71.786528076,88.0
71.803239345,99.0
71.819950614,108.0
71.836661883,89.0
71.853373152,102.0
71.870084421,106.0
71.886795690,94.0
71.903506959,78.0
71.920218228,82.0
71.936929497,95.0
71.953640766,110.0
71.970352035,85.0
71.987063304,112.0
72.003774573,96.0
72.020485842,99.0
72.037197111,107.0
72.053908380,96.0
72.070619649,86.0
72.087330918,106.0
72.104042187,89.0
72.120753456,103.0
72.137464725,124.0
72.154175994,117.0
72.170887263,108.0
72.187598532,99.0
72.204309801,107.0
72.221021070,110.0
72.237732339,100.0
72.254443608,106.0
72.271154877,116.0
72.287866146,108.0
72.304577415,105.0
72.321288684,125.0
72.337999953,96.0
72.354711222,119.0
72.371422491,95.0
72.388133760,108.0
72.404845029,128.0
72.421556297,125.0
72.438267566,129.0
72.454978835,107.0
72.471690104,94.0
72.488401373,118.0
72.505112642,109.0
72.521823911,118.0
72.538535180,104.0
72.555246449,112.0
72.571957718,121.0
72.588668987,103.0
72.605380256,120.0
72.622091525,111.0
72.638802794,110.0
72.655514063,150.0
72.672225332,123.0
72.688936601,133.0
72.705647870,127.0
72.722359139,119.0
72.739070408,145.0
72.755781677,141.0
72.772492946,144.0
72.789204215,131.0
72.805915484,127.0
72.822626753,145.0
72.839338022,122.0
72.856049291,142.0
72.872760560,142.0
72.889471829,131.0
72.906183098,121.0
72.922894367,131.0
72.939605636,138.0
72.956316905,154.0
72.973028174,170.0
72.989739443,145.0
73.006450712,158.0
73.023161981,139.0
73.039873250,139.0
73.056584519,162.0
73.073295788,132.0
73.090007057,169.0
73.106718326,162.0
73.123429595,141.0
73.140140864,157.0
73.156852133,148.0
73.173563402,159.0
73.190274670,165.0
73.206985939,139.0
73.223697208,157.0
73.240408477,160.0
73.257119746,157.0
73.273831015,158.0
73.290542284,167.0
73.307253553,154.0
73.323964822,166.0
73.340676091,164.0
73.357387360,161.0
73.374098629,173.0
73.390809898,178.0
73.407521167,189.0
73.424232436,213.0
73.440943705,158.0
73.457654974,181.0
73.474366243,192.0
73.491077512,205.0
73.507788781,209.0
73.524500050,194.0
73.541211319,229.0
73.557922588,195.0
73.574633857,225.0
73.591345126,224.0
73.608056395,225.0
73.624767664,271.0
73.641478933,259.0
73.658190202,263.0
73.674901471,236.0
73.691612740,266.0
73.708324009,265.0
73.725035278,271.0
73.741746547,264.0
73.758457816,329.0
73.775169085,329.0
73.791880354,311.0
73.808591623,374.0
73.825302892,336.0
73.842014161,388.0
73.858725430,418.0
73.875436699,446.0
73.892147968,462.0
73.908859237,501.0
73.925570506,485.0
73.942281775,552.0
73.958993044,585.0
73.975704312,605.0
73.992415581,628.0
74.009126850,705.0
74.025838119,752.0
74.042549388,814.0
74.059260657,872.0
74.075971926,926.0
74.092683195,1000.0
74.109394464,1183.0
74.126105733,1256.0
74.142817002,1332.0
74.159528271,1509.0
74.176239540,1691.0
74.192950809,1757.0
74.209662078,2024.0
74.226373347,2194.0
74.243084616,2423.0
74.259795885,2617.0
74.276507154,2761.0
74.293218423,2841.0
74.309929692,2981.0
74.326640961,2987.0
74.343352230,3082.0
74.360063499,2975.0
74.376774768,2856.0
74.393486037,2698.0
74.410197306,2761.0
74.426908575,2553.0
74.443619844,2455.0
74.460331113,2309.0
74.477042382,2233.0
74.493753651,2253.0
74.510464920,2247.0
74.527176189,2152.0
74.543887458,2078.0
74.560598727,1936.0
74.577309996,1856.0
74.594021265,1733.0
74.610732534,1547.0
74.627443803,1439.0
74.644155072,1291.0
74.660866341,1098.0
74.677577610,1041.0
74.694288879,938.0
74.711000148,860.0
74.727711417,676.0
74.744422685,710.0
74.761133954,706.0
74.777845223,655.0
74.794556492,540.0
74.811267761,493.0
74.827979030,546.0
74.844690299,449.0
74.861401568,406.0
74.878112837,433.0
74.894824106,403.0
74.911535375,358.0
74.928246644,344.0
74.944957913,321.0
74.961669182,313.0
74.978380451,297.0
74.995091720,306.0
75.011802989,263.0
75.028514258,240.0
75.045225527,275.0
75.061936796,236.0
75.078648065,209.0
75.095359334,209.0
75.112070603,185.0
75.128781872,210.0
75.145493141,202.0
75.162204410,200.0
75.178915679,205.0
75.195626948,189.0
75.212338217,177.0
75.229049486,188.0
75.245760755,211.0
75.262472024,186.0
75.279183293,162.0
75.295894562,137.0
75.312605831,139.0
75.329317100,164.0
75.346028369,146.0
75.362739638,151.0
75.379450907,149.0
75.396162176,143.0
75.412873445,142.0
75.429584714,144.0
75.446295983,143.0
75.463007252,131.0
75.479718521,128.0
75.496429790,139.0
75.513141059,127.0
75.529852327,129.0
75.546563596,146.0
75.563274865,121.0
75.579986134,111.0
75.596697403,127.0
75.613408672,124.0
75.630119941,123.0
75.646831210,111.0
75.663542479,121.0
75.680253748,119.0
75.696965017,111.0
75.713676286,102.0
75.730387555,111.0
75.747098824,97.0
75.763810093,104.0
75.780521362,117.0
75.797232631,106.0
75.813943900,136.0
75.830655169,127.0
75.847366438,102.0
75.864077707,110.0
75.880788976,91.0
75.897500245,111.0
75.914211514,131.0
75.930922783,100.0
75.947634052,92.0
75.964345321,88.0
75.981056590,101.0
75.997767859,119.0
76.014479128,106.0
76.031190397,105.0
76.047901666,92.0
76.064612935,95.0
76.081324204,100.0
76.098035473,111.0
76.114746742,91.0
76.131458011,88.0
76.148169280,99.0
76.164880549,100.0
76.181591818,86.0
76.198303087,100.0
76.215014356,90.0
76.231725625,89.0
76.248436894,90.0
76.265148163,104.0
76.281859432,94.0
76.298570701,90.0
76.315281969,117.0
76.331993238,92.0
76.348704507,84.0
76.365415776,99.0
76.382127045,107.0
76.398838314,86.0
76.415549583,93.0
76.432260852,84.0
76.448972121,97.0
76.465683390,84.0
76.482394659,86.0
76.499105928,86.0
76.515817197,91.0
76.532528466,106.0
76.549239735,87.0
76.565951004,91.0
76.582662273,96.0
76.599373542,85.0
76.616084811,90.0
76.632796080,102.0
76.649507349,99.0
76.666218618,89.0
76.682929887,100.0
76.699641156,77.0
76.716352425,89.0
76.733063694,104.0
76.749774963,82.0
76.766486232,86.0
76.783197501,90.0
76.799908770,97.0
76.816620039,94.0
76.833331308,89.0
76.850042577,76.0
76.866753846,85.0
76.883465115,83.0
76.900176384,106.0
76.916887653,85.0
76.933598922,88.0
76.950310191,74.0
76.967021460,78.0
76.983732729,92.0
77.000443998,85.0
77.017155267,79.0
77.033866536,80.0
77.050577805,88.0
77.067289074,85.0
77.084000342,71.0
77.100711611,94.0
77.117422880,87.0
77.134134149,84.0
77.150845418,85.0
77.167556687,90.0
77.184267956,91.0
77.200979225,78.0
77.217690494,83.0
77.234401763,73.0
77.251113032,84.0
77.267824301,73.0
77.284535570,89.0
77.301246839,73.0
77.317958108,88.0
77.334669377,89.0
77.351380646,87.0
77.368091915,93.0
77.384803184,70.0
77.401514453,82.0
77.418225722,76.0
77.434936991,80.0
77.451648260,84.0
77.468359529,86.0
77.485070798,83.0
77.501782067,78.0
77.518493336,85.0
77.535204605,88.0
77.551915874,62.0
77.568627143,79.0
77.585338412,75.0
77.602049681,95.0
77.618760950,70.0
77.635472219,83.0
77.652183488,84.0
77.668894757,71.0
77.685606026,78.0
77.702317295,89.0
77.719028564,75.0
77.735739833,80.0
77.752451102,72.0
77.769162371,77.0
77.785873640,90.0
77.802584909,85.0
77.819296178,70.0
77.836007447,70.0
77.852718716,70.0
77.869429984,74.0
77.886141253,82.0
77.902852522,76.0
77.919563791,69.0
77.936275060,71.0
77.952986329,83.0
77.969697598,68.0
77.986408867,71.0
78.003120136,104.0
78.019831405,78.0
78.036542674,61.0
78.053253943,68.0
78.069965212,70.0
78.086676481,79.0
78.103387750,68.0
78.120099019,71.0
78.136810288,76.0
78.153521557,61.0
78.170232826,79.0
78.186944095,83.0
78.203655364,73.0
78.220366633,73.0
78.237077902,69.0
78.253789171,60.0
78.270500440,74.0
78.287211709,88.0
78.303922978,55.0
78.320634247,64.0
78.337345516,74.0
78.354056785,79.0
78.370768054,64.0
78.387479323,68.0
78.404190592,67.0
78.420901861,74.0
78.437613130,76.0
78.454324399,56.0
78.471035668,93.0
78.487746937,77.0
78.504458206,78.0
78.521169475,76.0
78.537880744,73.0
78.554592013,66.0
78.571303282,69.0
78.588014551,69.0
78.604725820,62.0
78.621437089,76.0
78.638148357,89.0
78.654859626,77.0
78.671570895,64.0
78.688282164,62.0
78.704993433,76.0
78.721704702,86.0
78.738415971,59.0
78.755127240,73.0
78.771838509,86.0
78.788549778,79.0
78.805261047,60.0
78.821972316,72.0
78.838683585,61.0
78.855394854,58.0
78.872106123,74.0
78.888817392,74.0
78.905528661,63.0
78.922239930,71.0
78.938951199,83.0
78.955662468,70.0
78.972373737,69.0
78.989085006,64.0
79.005796275,79.0
79.022507544,71.0
79.039218813,74.0
79.055930082,59.0
79.072641351,63.0
79.089352620,74.0
79.106063889,74.0
79.122775158,61.0
79.139486427,52.0
79.156197696,71.0
79.172908965,77.0
79.189620234,71.0
79.206331503,73.0
79.223042772,80.0
79.239754041,79.0
79.256465310,56.0
79.273176579,60.0
79.289887848,78.0
79.306599117,74.0
79.323310386,80.0
79.340021655,59.0
79.356732924,61.0
79.373444193,75.0
79.390155462,80.0
79.406866731,74.0
79.423577999,66.0
79.440289268,66.0
79.457000537,63.0
79.473711806,72.0
79.490423075,67.0
79.507134344,66.0
79.523845613,66.0
79.540556882,68.0
79.557268151,90.0
79.573979420,57.0
79.590690689,70.0
79.607401958,99.0
79.624113227,64.0
79.640824496,77.0
79.657535765,74.0
79.674247034,68.0
79.690958303,71.0
79.707669572,55.0
79.724380841,82.0
79.741092110,76.0
79.757803379,64.0
79.774514648,67.0
79.791225917,85.0
79.807937186,68.0
79.824648455,71.0
79.841359724,59.0
79.858070993,60.0
79.874782262,74.0
79.891493531,73.0
79.908204800,62.0
79.924916069,67.0
79.941627338,63.0
79.958338607,87.0
79.975049876,84.0
79.991761145,70.0
80.008472414,69.0
80.025183683,60.0
80.041894952,73.0
80.058606221,67.0
80.075317490,63.0
80.092028759,70.0
80.108740028,63.0
80.125451297,68.0
80.142162566,62.0
80.158873835,64.0
80.175585104,78.0
80.192296372,79.0
80.209007641,67.0
80.225718910,71.0
80.242430179,61.0
80.259141448,76.0
80.275852717,69.0
80.292563986,63.0
80.309275255,72.0
80.325986524,91.0
80.342697793,57.0
80.359409062,54.0
80.376120331,66.0
80.392831600,72.0
80.409542869,55.0
80.426254138,64.0
80.442965407,76.0
80.459676676,55.0
80.476387945,59.0
80.493099214,66.0
80.509810483,62.0
80.526521752,62.0
80.543233021,69.0
80.559944290,79.0
80.576655559,64.0
80.593366828,63.0
80.610078097,59.0
80.626789366,67.0
80.643500635,60.0
80.660211904,58.0
80.676923173,74.0
80.693634442,74.0
80.710345711,50.0
80.727056980,58.0
80.743768249,76.0
80.760479518,85.0
80.777190787,77.0
80.793902056,71.0
80.810613325,74.0
80.827324594,70.0
80.844035863,64.0
80.860747132,66.0
80.877458401,64.0
80.894169670,66.0
80.910880939,59.0
80.927592208,75.0
80.944303477,64.0
80.961014746,67.0
80.977726014,56.0
80.994437283,61.0
81.011148552,68.0
81.027859821,70.0
81.044571090,80.0
81.061282359,77.0
81.077993628,64.0
81.094704897,57.0
81.111416166,67.0
81.128127435,67.0
81.144838704,80.0
81.161549973,80.0
81.178261242,59.0
81.194972511,78.0
81.211683780,70.0
81.228395049,67.0
81.245106318,79.0
81.261817587,67.0
81.278528856,53.0
81.295240125,76.0
81.311951394,79.0
81.328662663,79.0
81.345373932,68.0
81.362085201,78.0
81.378796470,68.0
81.395507739,85.0
81.412219008,72.0
81.428930277,87.0
81.445641546,63.0
81.462352815,74.0
81.479064084,80.0
81.495775353,71.0
81.512486622,90.0
81.529197891,68.0
81.545909160,73.0
81.562620429,92.0
81.579331698,69.0
81.596042967,75.0
81.612754236,66.0
81.629465505,83.0
81.646176774,80.0
81.662888043,80.0
81.679599312,68.0
81.696310581,84.0
81.713021850,71.0
81.729733119,68.0
81.746444387,67.0
81.763155656,89.0
81.779866925,96.0
81.796578194,87.0
81.813289463,68.0
81.830000732,77.0
81.846712001,76.0
81.863423270,85.0
81.880134539,72.0
81.896845808,87.0
81.913557077,48.0
81.930268346,67.0
81.946979615,72.0
81.963690884,69.0
81.980402153,74.0
81.997113422,85.0
82.013824691,76.0
82.030535960,68.0
82.047247229,73.0
82.063958498,64.0
82.080669767,71.0
82.097381036,67.0
82.114092305,72.0
82.130803574,59.0
82.147514843,71.0
82.164226112,70.0
82.180937381,58.0
82.197648650,68.0
82.214359919,86.0
82.231071188,71.0
82.247782457,72.0
82.264493726,60.0
82.281204995,75.0
82.297916264,66.0
82.314627533,68.0
82.331338802,63.0
82.348050071,63.0
82.364761340,53.0
82.381472609,73.0
82.398183878,43.0
82.414895147,59.0
82.431606416,71.0
82.448317685,50.0
82.465028954,62.0
82.481740223,66.0
82.498451492,74.0
82.515162761,71.0
82.531874029,78.0
82.548585298,69.0
82.565296567,62.0
82.582007836,64.0
82.598719105,73.0
82.615430374,66.0
82.632141643,87.0
82.648852912,68.0
82.665564181,62.0
82.682275450,82.0
82.698986719,51.0
82.715697988,77.0
82.732409257,57.0
82.749120526,70.0
82.765831795,66.0
82.782543064,53.0
82.799254333,59.0
82.815965602,48.0
82.832676871,59.0
82.849388140,57.0
82.866099409,72.0
82.882810678,58.0
82.899521947,62.0
82.916233216,62.0
82.932944485,61.0
82.949655754,57.0
82.966367023,61.0
82.983078292,73.0
82.999789561,50.0
83.016500830,59.0
83.033212099,59.0
83.049923368,55.0
83.066634637,61.0
83.083345906,53.0
83.100057175,53.0
83.116768444,57.0
83.133479713,68.0
83.150190982,53.0
83.166902251,63.0
83.183613520,70.0
83.200324789,59.0
83.217036058,69.0
83.233747327,74.0
83.250458596,78.0
83.267169865,54.0
83.283881134,72.0
83.300592403,58.0
83.317303671,55.0
83.334014940,64.0
83.350726209,54.0
83.367437478,67.0
83.384148747,69.0
83.400860016,63.0
83.417571285,66.0
83.434282554,58.0
83.450993823,70.0
83.467705092,72.0
83.484416361,52.0
83.501127630,54.0
83.517838899,59.0
83.534550168,64.0
83.551261437,55.0
83.567972706,62.0
83.584683975,67.0
83.601395244,54.0
83.618106513,58.0
83.634817782,59.0
83.651529051,69.0
83.668240320,69.0
83.684951589,67.0
83.701662858,63.0
83.718374127,58.0
83.735085396,66.0
83.751796665,58.0
83.768507934,54.0
83.785219203,75.0
83.801930472,69.0
83.818641741,50.0
83.835353010,66.0
83.852064279,60.0
83.868775548,64.0
83.885486817,59.0
83.902198086,67.0
83.918909355,69.0
83.935620624,74.0
83.952331893,53.0
83.969043162,64.0
83.985754431,63.0
84.002465700,72.0
84.019176969,74.0
84.035888238,57.0
84.052599507,69.0
84.069310776,50.0
84.086022044,84.0
84.102733313,64.0
84.119444582,63.0
84.136155851,68.0
84.152867120,62.0
84.169578389,60.0
84.186289658,62.0
84.203000927,54.0
84.219712196,60.0
84.236423465,70.0
84.253134734,68.0
84.269846003,60.0
84.286557272,58.0
84.303268541,63.0
84.319979810,50.0
84.336691079,64.0
84.353402348,59.0
84.370113617,59.0
84.386824886,69.0
84.403536155,78.0
84.420247424,61.0
84.436958693,63.0
84.453669962,67.0
84.470381231,59.0
84.487092500,57.0
84.503803769,71.0
84.520515038,66.0
84.537226307,55.0
84.553937576,71.0
84.570648845,76.0
84.587360114,70.0
84.604071383,62.0
84.620782652,54.0
84.637493921,51.0
84.654205190,43.0
84.670916459,64.0
84.687627728,64.0
84.704338997,54.0
84.721050266,70.0
84.737761535,55.0
84.754472804,55.0
84.771184073,60.0
84.787895342,60.0
84.804606611,62.0
84.821317880,60.0
84.838029149,59.0
84.854740418,47.0
84.871451686,78.0
84.888162955,68.0
84.904874224,57.0
84.921585493,52.0
84.938296762,40.0
84.955008031,68.0
84.971719300,72.0
84.988430569,66.0
85.005141838,56.0
85.021853107,57.0
85.038564376,66.0
85.055275645,70.0
85.071986914,74.0
85.088698183,71.0
85.105409452,66.0
85.122120721,66.0
85.138831990,60.0
85.155543259,54.0
85.172254528,78.0
85.188965797,58.0
85.205677066,66.0
85.222388335,67.0
85.239099604,69.0
85.255810873,69.0
85.272522142,76.0
85.289233411,60.0
85.305944680,71.0
85.322655949,63.0
85.339367218,74.0
85.356078487,69.0
85.372789756,73.0
85.389501025,55.0
85.406212294,64.0
85.422923563,73.0
85.439634832,77.0
85.456346101,74.0
85.473057370,63.0
85.489768639,76.0
85.506479908,78.0
85.523191177,66.0
85.539902446,64.0
85.556613715,75.0
85.573324984,66.0
85.590036253,83.0
85.606747522,82.0
85.623458791,57.0
85.640170059,63.0
85.656881328,88.0
85.673592597,72.0
85.690303866,55.0
85.707015135,68.0
85.723726404,75.0
85.740437673,79.0
85.757148942,66.0
85.773860211,54.0
85.790571480,62.0
85.807282749,63.0
85.823994018,66.0
85.840705287,83.0
85.857416556,53.0
85.874127825,61.0
85.890839094,74.0
85.907550363,41.0
85.924261632,64.0
85.940972901,43.0
85.957684170,71.0
85.974395439,58.0
85.991106708,74.0
86.007817977,64.0
86.024529246,67.0
86.041240515,82.0
86.057951784,52.0
86.074663053,52.0
86.091374322,50.0
86.108085591,63.0
86.124796860,72.0
86.141508129,62.0
86.158219398,77.0
86.174930667,62.0
86.191641936,66.0
86.208353205,52.0
86.225064474,74.0
86.241775743,62.0
86.258487012,70.0
86.275198281,69.0
86.291909550,72.0
86.308620819,79.0
86.325332088,56.0
86.342043357,76.0
86.358754626,66.0
86.375465895,72.0
86.392177164,68.0
86.408888433,73.0
86.425599701,72.0
86.442310970,47.0
86.459022239,73.0
86.475733508,55.0
86.492444777,66.0
86.509156046,77.0
86.525867315,50.0
86.542578584,56.0
86.559289853,47.0
86.576001122,67.0
86.592712391,58.0
86.609423660,59.0
86.626134929,64.0
86.642846198,48.0
86.659557467,70.0
86.676268736,62.0
86.692980005,72.0
86.709691274,62.0
86.726402543,71.0
86.743113812,67.0
86.759825081,74.0
86.776536350,66.0
86.793247619,54.0
86.809958888,71.0
86.826670157,56.0
86.843381426,62.0
86.860092695,66.0
86.876803964,59.0
86.893515233,86.0
86.910226502,68.0
86.926937771,51.0
86.943649040,60.0
86.960360309,58.0
86.977071578,72.0
86.993782847,72.0
87.010494116,63.0
87.027205385,60.0
87.043916654,56.0
87.060627923,70.0
87.077339192,83.0
87.094050461,57.0
87.110761730,77.0
87.127472999,53.0
87.144184268,66.0
87.160895537,61.0
87.177606806,69.0
87.194318074,68.0
87.211029343,64.0
87.227740612,54.0
87.244451881,74.0
87.261163150,73.0
87.277874419,67.0
87.294585688,71.0
87.311296957,74.0
87.328008226,74.0
87.344719495,88.0
87.361430764,74.0
87.378142033,68.0
87.394853302,57.0
87.411564571,60.0
87.428275840,87.0
87.444987109,59.0
87.461698378,72.0
87.478409647,69.0
87.495120916,69.0
87.511832185,66.0
87.528543454,63.0
87.545254723,52.0
87.561965992,71.0
87.578677261,64.0
87.595388530,69.0
87.612099799,74.0
87.628811068,70.0
87.645522337,75.0
87.662233606,63.0
87.678944875,79.0
87.695656144,64.0
87.712367413,63.0
87.729078682,75.0
87.745789951,73.0
87.762501220,48.0
87.779212489,56.0
87.795923758,67.0
87.812635027,68.0
87.829346296,70.0
87.846057565,73.0
87.862768834,68.0
87.879480103,61.0
87.896191372,61.0
87.912902641,74.0
87.929613910,55.0
87.946325179,62.0
87.963036448,72.0
87.979747716,62.0
87.996458985,58.0
88.013170254,57.0
88.029881523,70.0
88.046592792,75.0
88.063304061,61.0
88.080015330,82.0
88.096726599,77.0
88.113437868,86.0
88.130149137,53.0
88.146860406,84.0
88.163571675,80.0
88.180282944,82.0
88.196994213,78.0
88.213705482,86.0
88.230416751,79.0
88.247128020,66.0
88.263839289,71.0
88.280550558,68.0
88.297261827,79.0
88.313973096,68.0
88.330684365,79.0
88.347395634,87.0
88.364106903,82.0
88.380818172,86.0
88.397529441,59.0
88.414240710,83.0
88.430951979,78.0
88.447663248,68.0
88.464374517,85.0
88.481085786,83.0
88.497797055,80.0
88.514508324,63.0
88.531219593,68.0
88.547930862,87.0
88.564642131,86.0
88.581353400,68.0
88.598064669,104.0
88.614775938,68.0
88.631487207,77.0
88.648198476,84.0
88.664909745,71.0
88.681621014,94.0
88.698332283,101.0
88.715043552,85.0
88.731754821,79.0
88.748466089,89.0
88.765177358,91.0
88.781888627,66.0
88.798599896,77.0
88.815311165,77.0
88.832022434,75.0
88.848733703,90.0
88.865444972,70.0
88.882156241,85.0
88.898867510,86.0
88.915578779,83.0
88.932290048,97.0
88.949001317,85.0
88.965712586,89.0
88.982423855,85.0
88.999135124,91.0
89.015846393,93.0
89.032557662,94.0
89.049268931,100.0
89.065980200,93.0
89.082691469,92.0
89.099402738,117.0
89.116114007,102.0
89.132825276,115.0
89.149536545,97.0
89.166247814,102.0
89.182959083,96.0
89.199670352,86.0
89.216381621,101.0
89.233092890,113.0
89.249804159,110.0
89.266515428,103.0
89.283226697,119.0
89.299937966,119.0
89.316649235,105.0
89.333360504,118.0
89.350071773,118.0
89.366783042,116.0
89.383494311,122.0
89.400205580,126.0
89.416916849,118.0
89.433628118,116.0
89.450339387,123.0
89.467050656,136.0
89.483761925,128.0
89.500473194,132.0
89.517184463,142.0
89.533895731,150.0
89.550607000,140.0
89.567318269,185.0
89.584029538,175.0
89.600740807,161.0
89.617452076,176.0
89.634163345,170.0
89.650874614,153.0
89.667585883,173.0
89.684297152,183.0
89.701008421,178.0
89.717719690,189.0
89.734430959,202.0
89.751142228,186.0
89.767853497,229.0
89.784564766,237.0
89.801276035,237.0
89.817987304,216.0
89.834698573,241.0
89.851409842,247.0
89.868121111,278.0
89.884832380,291.0
89.901543649,287.0
89.918254918,273.0
89.934966187,307.0
89.951677456,304.0
89.968388725,323.0
89.985099994,372.0
90.001811263,374.0
90.018522532,422.0
90.035233801,397.0
90.051945070,389.0
90.068656339,421.0
90.085367608,460.0
90.102078877,474.0
90.118790146,467.0
90.135501415,552.0
90.152212684,535.0
90.168923953,590.0
90.185635222,585.0
90.202346491,667.0
90.219057760,624.0
90.235769029,593.0
90.252480298,585.0
90.269191567,607.0
90.285902836,577.0
90.302614105,628.0
90.319325373,552.0
90.336036642,581.0
90.352747911,528.0
90.369459180,507.0
90.386170449,483.0
90.402881718,492.0
90.419592987,485.0
90.436304256,480.0
90.453015525,463.0
90.469726794,460.0
90.486438063,485.0
90.503149332,448.0
90.519860601,414.0
90.536571870,447.0
90.553283139,415.0
90.569994408,446.0
90.586705677,374.0
90.603416946,394.0
90.620128215,333.0
90.636839484,315.0
90.653550753,318.0
90.670262022,282.0
90.686973291,264.0
90.703684560,257.0
90.720395829,230.0
90.737107098,260.0
90.753818367,230.0
90.770529636,232.0
90.787240905,191.0
90.803952174,206.0
90.820663443,161.0
90.837374712,174.0
90.854085981,181.0
90.870797250,139.0
90.887508519,170.0
90.904219788,153.0
90.920931057,149.0
90.937642326,146.0
90.954353595,143.0
90.971064864,139.0
90.987776133,125.0
91.004487402,160.0
91.021198671,132.0
91.037909940,150.0
91.054621209,127.0
91.071332478,140.0
91.088043746,125.0
91.104755015,106.0
91.121466284,116.0
91.138177553,117.0
91.154888822,120.0
91.171600091,110.0
91.188311360,94.0
91.205022629,96.0
91.221733898,108.0
91.238445167,85.0
91.255156436,96.0
91.271867705,96.0
91.288578974,99.0
91.305290243,110.0
91.322001512,118.0
91.338712781,105.0
91.355424050,102.0
91.372135319,116.0
91.388846588,126.0
91.405557857,119.0
91.422269126,95.0
91.438980395,102.0
91.455691664,104.0
91.472402933,99.0
91.489114202,99.0
91.505825471,102.0
91.522536740,86.0
91.539248009,95.0
91.555959278,89.0
91.572670547,85.0
91.589381816,93.0
91.606093085,90.0
91.622804354,80.0
91.639515623,85.0
91.656226892,78.0
91.672938161,74.0
91.689649430,91.0
91.706360699,92.0
91.723071968,80.0
91.739783237,93.0
91.756494506,83.0
91.773205775,94.0
91.789917044,91.0
91.806628313,90.0
91.823339582,87.0
91.840050851,78.0
91.856762120,83.0
91.873473388,78.0
91.890184657,99.0
91.906895926,68.0
91.923607195,94.0
91.940318464,96.0
91.957029733,78.0
91.973741002,77.0
91.990452271,83.0
92.007163540,91.0
92.023874809,72.0
92.040586078,85.0
92.057297347,84.0
92.074008616,80.0
92.090719885,74.0
92.107431154,83.0
92.124142423,89.0
92.140853692,72.0
92.157564961,105.0
92.174276230,74.0
92.190987499,85.0
92.207698768,104.0
92.224410037,83.0
92.241121306,94.0
92.257832575,69.0
92.274543844,74.0
92.291255113,91.0
92.307966382,74.0
92.324677651,88.0
92.341388920,92.0
92.358100189,83.0
92.374811458,85.0
92.391522727,82.0
92.408233996,95.0
92.424945265,64.0
92.441656534,86.0
92.458367803,74.0
92.475079072,90.0
92.491790341,94.0
92.508501610,88.0
92.525212879,75.0
92.541924148,86.0
92.558635417,87.0
92.575346686,80.0
92.592057955,78.0
92.608769224,85.0
92.625480493,99.0
92.642191761,64.0
92.658903030,82.0
92.675614299,69.0
92.692325568,83.0
92.709036837,83.0
92.725748106,79.0
92.742459375,68.0
92.759170644,90.0
92.775881913,86.0
92.792593182,72.0
92.809304451,89.0
92.826015720,79.0
92.842726989,84.0
92.859438258,91.0
92.876149527,84.0
92.892860796,89.0
92.909572065,79.0
92.926283334,76.0
92.942994603,103.0
92.959705872,80.0
92.976417141,74.0
92.993128410,75.0
93.009839679,56.0
93.026550948,99.0
93.043262217,77.0
93.059973486,78.0
93.076684755,87.0
93.093396024,67.0
93.110107293,87.0
93.126818562,85.0
93.143529831,80.0
93.160241100,85.0
93.176952369,83.0
93.193663638,97.0
93.210374907,99.0
93.227086176,67.0
93.243797445,72.0
93.260508714,73.0
93.277219983,71.0
93.293931252,84.0
93.310642521,90.0
93.327353790,86.0
93.344065059,75.0
93.360776328,64.0
93.377487597,71.0
93.394198866,74.0
93.410910135,75.0
93.427621403,79.0
93.444332672,67.0
93.461043941,84.0
93.477755210,84.0
93.494466479,84.0
93.511177748,80.0
93.527889017,63.0
93.544600286,72.0
93.561311555,63.0
93.578022824,61.0
93.594734093,55.0
93.611445362,62.0
93.628156631,71.0
93.644867900,62.0
93.661579169,79.0
93.678290438,74.0
93.695001707,62.0
93.711712976,92.0
93.728424245,79.0
93.745135514,72.0
93.761846783,76.0
93.778558052,55.0
93.795269321,57.0
93.811980590,80.0
93.828691859,74.0
93.845403128,78.0
93.862114397,64.0
93.878825666,69.0
93.895536935,63.0
93.912248204,84.0
93.928959473,76.0
93.945670742,66.0
93.962382011,74.0
93.979093280,62.0
93.995804549,73.0
94.012515818,63.0
94.029227087,64.0
94.045938356,78.0
94.062649625,71.0
94.079360894,70.0
94.096072163,54.0
94.112783432,78.0
94.129494701,67.0
94.146205970,70.0
94.162917239,58.0
94.179628508,73.0
94.196339776,56.0
94.213051045,60.0
94.229762314,60.0
94.246473583,54.0
94.263184852,77.0
94.279896121,80.0
94.296607390,82.0
94.313318659,61.0
94.330029928,74.0
94.346741197,73.0
94.363452466,69.0
94.380163735,77.0
94.396875004,68.0
94.413586273,71.0
94.430297542,67.0
94.447008811,74.0
94.463720080,70.0
94.480431349,63.0
94.497142618,75.0
94.513853887,64.0
94.530565156,62.0
94.547276425,73.0
94.563987694,59.0
94.580698963,69.0
94.597410232,69.0
94.614121501,50.0
94.630832770,75.0
94.647544039,58.0
94.664255308,68.0
94.680966577,66.0
94.697677846,53.0
94.714389115,59.0
94.731100384,55.0
94.747811653,74.0
94.764522922,59.0
94.781234191,70.0
94.797945460,67.0
94.814656729,64.0
94.831367998,68.0
94.848079267,79.0
94.864790536,71.0
94.881501805,68.0
94.898213074,66.0
94.914924343,66.0
94.931635612,71.0
94.948346881,73.0
94.965058150,72.0
94.981769418,53.0
94.998480687,75.0
95.015191956,68.0
95.031903225,80.0
95.048614494,75.0
95.065325763,67.0
95.082037032,61.0
95.098748301,63.0
95.115459570,83.0
95.132170839,57.0
95.148882108,70.0
95.165593377,61.0
95.182304646,90.0
95.199015915,77.0
95.215727184,66.0
95.232438453,76.0
95.249149722,82.0
95.265860991,80.0
95.282572260,76.0
95.299283529,72.0
95.315994798,89.0
95.332706067,73.0
95.349417336,71.0
95.366128605,83.0
95.382839874,105.0
95.399551143,73.0
95.416262412,86.0
95.432973681,100.0
95.449684950,87.0
95.466396219,90.0
95.483107488,85.0
95.499818757,111.0
95.516530026,88.0
95.533241295,112.0
95.549952564,109.0
95.566663833,113.0
95.583375102,119.0
95.600086371,108.0
95.616797640,104.0
95.633508909,112.0
95.650220178,103.0
95.666931447,105.0
95.683642716,103.0
95.700353985,88.0
95.717065254,102.0
95.733776523,96.0
95.750487791,88.0
95.767199060,78.0
95.783910329,78.0
95.800621598,107.0
95.817332867,105.0
95.834044136,69.0
95.850755405,108.0
95.867466674,104.0
95.884177943,86.0
95.900889212,101.0
95.917600481,94.0
95.934311750,93.0
95.951023019,87.0
95.967734288,83.0
95.984445557,82.0
96.001156826,95.0
96.017868095,73.0
96.034579364,94.0
96.051290633,78.0
96.068001902,77.0
96.084713171,79.0
96.101424440,72.0
96.118135709,69.0
96.134846978,68.0
96.151558247,59.0
96.168269516,70.0
96.184980785,59.0
96.201692054,73.0
96.218403323,82.0
96.235114592,69.0
96.251825861,60.0
96.268537130,59.0
96.285248399,62.0
96.301959668,73.0
96.318670937,77.0
96.335382206,53.0
96.352093475,50.0
96.368804744,74.0
96.385516013,66.0
96.402227282,56.0
96.418938551,61.0
96.435649820,59.0
96.452361089,74.0
96.469072358,67.0
96.485783627,55.0
96.502494896,66.0
96.519206165,67.0
96.535917433,63.0
96.552628702,52.0
96.569339971,77.0
96.586051240,67.0
96.602762509,59.0
96.619473778,58.0
96.636185047,67.0
96.652896316,75.0
96.669607585,76.0
96.686318854,51.0
96.703030123,79.0
96.719741392,75.0
96.736452661,66.0
96.753163930,54.0
96.769875199,59.0
96.786586468,53.0
96.803297737,54.0
96.820009006,67.0
96.836720275,68.0
96.853431544,58.0
96.870142813,55.0
96.886854082,71.0
96.903565351,63.0
96.920276620,59.0
96.936987889,66.0
96.953699158,57.0
96.970410427,57.0
96.987121696,70.0
97.003832965,59.0
97.020544234,71.0
97.037255503,60.0
97.053966772,61.0
97.070678041,62.0
97.087389310,72.0
97.104100579,68.0
97.120811848,70.0
97.137523117,61.0
97.154234386,61.0
97.170945655,59.0
97.187656924,57.0
97.204368193,62.0
97.221079462,74.0
97.237790731,77.0
97.254502000,62.0
97.271213269,68.0
97.287924538,62.0
97.304635807,58.0
97.321347075,59.0
97.338058344,48.0
97.354769613,68.0
97.371480882,53.0
97.388192151,70.0
97.404903420,66.0
97.421614689,54.0
97.438325958,74.0
97.455037227,58.0
97.471748496,66.0
97.488459765,50.0
97.505171034,47.0
97.521882303,52.0
97.538593572,52.0
97.555304841,61.0
97.572016110,55.0
97.588727379,61.0
97.605438648,60.0
97.622149917,52.0
97.638861186,55.0
97.655572455,54.0
97.672283724,67.0
97.688994993,68.0
97.705706262,63.0
97.722417531,55.0
97.739128800,61.0
97.755840069,70.0
97.772551338,66.0
97.789262607,51.0
97.805973876,53.0
97.822685145,61.0
97.839396414,63.0
97.856107683,76.0
97.872818952,64.0
97.889530221,68.0
97.906241490,70.0
97.922952759,71.0
97.939664028,52.0
97.956375297,53.0
97.973086566,62.0
97.989797835,71.0
98.006509104,69.0
98.023220373,56.0
98.039931642,58.0
98.056642911,76.0
98.073354180,63.0
98.090065448,60.0
98.106776717,56.0
98.123487986,51.0
98.140199255,69.0
98.156910524,71.0
98.173621793,67.0
98.190333062,55.0
98.207044331,64.0
98.223755600,58.0
98.240466869,66.0
98.257178138,58.0
98.273889407,51.0
98.290600676,47.0
98.307311945,70.0
98.324023214,57.0
98.340734483,62.0
98.357445752,70.0
98.374157021,62.0
98.390868290,86.0
98.407579559,80.0
98.424290828,62.0
98.441002097,76.0
98.457713366,57.0
98.474424635,61.0
98.491135904,59.0
98.507847173,58.0
98.524558442,70.0
98.541269711,63.0
98.557980980,59.0
98.574692249,69.0
98.591403518,64.0
98.608114787,71.0
98.624826056,69.0
98.641537325,53.0
98.658248594,54.0
98.674959863,68.0
98.691671132,57.0
98.708382401,54.0
98.725093670,55.0
98.741804939,62.0
98.758516208,51.0
98.775227477,46.0
98.791938746,54.0
98.808650015,44.0
98.825361284,53.0
98.842072553,50.0
98.858783822,74.0
98.875495090,56.0
98.892206359,51.0
98.908917628,62.0
98.925628897,61.0
98.942340166,71.0
98.959051435,58.0
98.975762704,57.0
98.992473973,72.0
99.009185242,54.0
99.025896511,73.0
99.042607780,52.0
99.059319049,62.0
99.076030318,45.0
99.092741587,64.0
99.109452856,58.0
99.126164125,64.0
99.142875394,56.0
99.159586663,52.0
99.176297932,58.0
99.193009201,50.0
99.209720470,69.0
99.226431739,68.0
99.243143008,54.0
99.259854277,46.0
99.276565546,57.0
99.293276815,52.0
99.309988084,53.0
99.326699353,64.0
99.343410622,50.0
99.360121891,64.0
99.376833160,70.0
99.393544429,62.0
99.410255698,58.0
99.426966967,43.0
99.443678236,46.0
99.460389505,57.0
99.477100774,51.0
99.493812043,63.0
99.510523312,60.0
99.527234581,56.0
99.543945850,50.0
99.560657119,41.0
99.577368388,52.0
99.594079657,61.0
99.610790926,61.0
99.627502195,70.0
99.644213463,52.0
99.660924732,60.0
99.677636001,70.0
99.694347270,60.0
99.711058539,60.0
99.727769808,68.0
99.744481077,52.0
99.761192346,57.0
99.777903615,51.0
99.794614884,60.0
99.811326153,53.0
99.828037422,64.0
99.844748691,60.0
99.861459960,61.0
99.878171229,58.0
99.894882498,42.0
99.911593767,64.0
99.928305036,52.0
99.945016305,64.0
99.961727574,57.0
99.978438843,59.0
99.995150112,64.0
100.011861381,63.0
100.028572650,48.0
